images_open_eye_path,images_no_yawn_path
/Users/leilatawfik/Desktop/FALL 2025/ENGG680_ML_Project/Merged_Datasets/open_eye_no_yawn/open_eye/s0001_02635_0_1_1_0_0_01.png,/Users/leilatawfik/Desktop/FALL 2025/ENGG680_ML_Project/Merged_Datasets/open_eye_no_yawn/no_yawn/3044.jpg
/Users/leilatawfik/Desktop/FALL 2025/ENGG680_ML_Project/Merged_Datasets/open_eye_no_yawn/open_eye/s0001_02928_0_1_1_2_0_01.png,/Users/leilatawfik/Desktop/FALL 2025/ENGG680_ML_Project/Merged_Datasets/open_eye_no_yawn/no_yawn/3062.jpg
/Users/leilatawfik/Desktop/FALL 2025/ENGG680_ML_Project/Merged_Datasets/open_eye_no_yawn/open_eye/s0001_02683_0_1_1_2_0_01.png,/Users/leilatawfik/Desktop/FALL 2025/ENGG680_ML_Project/Merged_Datasets/open_eye_no_yawn/no_yawn/3120.jpg
/Users/leilatawfik/Desktop/FALL 2025/ENGG680_ML_Project/Merged_Datasets/open_eye_no_yawn/open_eye/s0001_02938_0_1_1_2_0_01.png,/Users/leilatawfik/Desktop/FALL 2025/ENGG680_ML_Project/Merged_Datasets/open_eye_no_yawn/no_yawn/3131.jpg
/Users/leilatawfik/Desktop/FALL 2025/ENGG680_ML_Project/Merged_Datasets/open_eye_no_yawn/open_eye/s0001_02695_0_1_1_2_0_01.png,/Users/leilatawfik/Desktop/FALL 2025/ENGG680_ML_Project/Merged_Datasets/open_eye_no_yawn/no_yawn/3096.jpg
/Users/leilatawfik/Desktop/FALL 2025/ENGG680_ML_Project/Merged_Datasets/open_eye_no_yawn/open_eye/s0001_02721_0_1_1_2_0_01.png,/Users/leilatawfik/Desktop/FALL 2025/ENGG680_ML_Project/Merged_Datasets/open_eye_no_yawn/no_yawn/3060.jpg
/Users/leilatawfik/Desktop/FALL 2025/ENGG680_ML_Project/Merged_Datasets/open_eye_no_yawn/open_eye/s0001_02360_0_0_1_0_0_01.png,/Users/leilatawfik/Desktop/FALL 2025/ENGG680_ML_Project/Merged_Datasets/open_eye_no_yawn/no_yawn/3133.jpg
/Users/leilatawfik/Desktop/FALL 2025/ENGG680_ML_Project/Merged_Datasets/open_eye_no_yawn/open_eye/s0001_02337_0_0_1_0_0_01.png,/Users/leilatawfik/Desktop/FALL 2025/ENGG680_ML_Project/Merged_Datasets/open_eye_no_yawn/no_yawn/3121.jpg
/Users/leilatawfik/Desktop/FALL 2025/ENGG680_ML_Project/Merged_Datasets/open_eye_no_yawn/open_eye/s0001_02633_0_1_1_1_0_01.png,/Users/leilatawfik/Desktop/FALL 2025/ENGG680_ML_Project/Merged_Datasets/open_eye_no_yawn/no_yawn/3101.jpg
/Users/leilatawfik/Desktop/FALL 2025/ENGG680_ML_Project/Merged_Datasets/open_eye_no_yawn/open_eye/s0001_02394_0_0_1_0_0_01.png,/Users/leilatawfik/Desktop/FALL 2025/ENGG680_ML_Project/Merged_Datasets/open_eye_no_yawn/no_yawn/3041.jpg
/Users/leilatawfik/Desktop/FALL 2025/ENGG680_ML_Project/Merged_Datasets/open_eye_no_yawn/open_eye/s0001_02795_0_1_1_2_0_01.png,/Users/leilatawfik/Desktop/FALL 2025/ENGG680_ML_Project/Merged_Datasets/open_eye_no_yawn/no_yawn/3069.jpg
/Users/leilatawfik/Desktop/FALL 2025/ENGG680_ML_Project/Merged_Datasets/open_eye_no_yawn/open_eye/s0001_02871_0_1_1_0_0_01.png,/Users/leilatawfik/Desktop/FALL 2025/ENGG680_ML_Project/Merged_Datasets/open_eye_no_yawn/no_yawn/3084.jpg
/Users/leilatawfik/Desktop/FALL 2025/ENGG680_ML_Project/Merged_Datasets/open_eye_no_yawn/open_eye/s0001_02745_0_1_1_2_0_01.png,/Users/leilatawfik/Desktop/FALL 2025/ENGG680_ML_Project/Merged_Datasets/open_eye_no_yawn/no_yawn/3002.jpg
/Users/leilatawfik/Desktop/FALL 2025/ENGG680_ML_Project/Merged_Datasets/open_eye_no_yawn/open_eye/s0001_02645_0_1_1_2_0_01.png,/Users/leilatawfik/Desktop/FALL 2025/ENGG680_ML_Project/Merged_Datasets/open_eye_no_yawn/no_yawn/3055.jpg
/Users/leilatawfik/Desktop/FALL 2025/ENGG680_ML_Project/Merged_Datasets/open_eye_no_yawn/open_eye/s0001_02855_0_1_1_0_0_01.png,/Users/leilatawfik/Desktop/FALL 2025/ENGG680_ML_Project/Merged_Datasets/open_eye_no_yawn/no_yawn/2986.jpg
/Users/leilatawfik/Desktop/FALL 2025/ENGG680_ML_Project/Merged_Datasets/open_eye_no_yawn/open_eye/s0001_02868_0_1_1_2_0_01.png,/Users/leilatawfik/Desktop/FALL 2025/ENGG680_ML_Project/Merged_Datasets/open_eye_no_yawn/no_yawn/2967.jpg
/Users/leilatawfik/Desktop/FALL 2025/ENGG680_ML_Project/Merged_Datasets/open_eye_no_yawn/open_eye/s0001_02569_0_1_1_0_0_01.png,/Users/leilatawfik/Desktop/FALL 2025/ENGG680_ML_Project/Merged_Datasets/open_eye_no_yawn/no_yawn/3009.jpg
/Users/leilatawfik/Desktop/FALL 2025/ENGG680_ML_Project/Merged_Datasets/open_eye_no_yawn/open_eye/s0001_02748_0_1_1_2_0_01.png,/Users/leilatawfik/Desktop/FALL 2025/ENGG680_ML_Project/Merged_Datasets/open_eye_no_yawn/no_yawn/3132.jpg
/Users/leilatawfik/Desktop/FALL 2025/ENGG680_ML_Project/Merged_Datasets/open_eye_no_yawn/open_eye/s0001_02380_0_0_1_0_0_01.png,/Users/leilatawfik/Desktop/FALL 2025/ENGG680_ML_Project/Merged_Datasets/open_eye_no_yawn/no_yawn/3067.jpg
/Users/leilatawfik/Desktop/FALL 2025/ENGG680_ML_Project/Merged_Datasets/open_eye_no_yawn/open_eye/s0001_02338_0_0_1_0_0_01.png,/Users/leilatawfik/Desktop/FALL 2025/ENGG680_ML_Project/Merged_Datasets/open_eye_no_yawn/no_yawn/3021.jpg
/Users/leilatawfik/Desktop/FALL 2025/ENGG680_ML_Project/Merged_Datasets/open_eye_no_yawn/open_eye/s0001_02857_0_1_1_0_0_01.png,/Users/leilatawfik/Desktop/FALL 2025/ENGG680_ML_Project/Merged_Datasets/open_eye_no_yawn/no_yawn/3102.jpg
/Users/leilatawfik/Desktop/FALL 2025/ENGG680_ML_Project/Merged_Datasets/open_eye_no_yawn/open_eye/s0001_02362_0_0_1_0_0_01.png,/Users/leilatawfik/Desktop/FALL 2025/ENGG680_ML_Project/Merged_Datasets/open_eye_no_yawn/no_yawn/3136.jpg
/Users/leilatawfik/Desktop/FALL 2025/ENGG680_ML_Project/Merged_Datasets/open_eye_no_yawn/open_eye/s0001_02392_0_0_1_0_0_01.png,/Users/leilatawfik/Desktop/FALL 2025/ENGG680_ML_Project/Merged_Datasets/open_eye_no_yawn/no_yawn/2978.jpg
/Users/leilatawfik/Desktop/FALL 2025/ENGG680_ML_Project/Merged_Datasets/open_eye_no_yawn/open_eye/s0001_02726_0_1_1_0_0_01.png,/Users/leilatawfik/Desktop/FALL 2025/ENGG680_ML_Project/Merged_Datasets/open_eye_no_yawn/no_yawn/3045.jpg
/Users/leilatawfik/Desktop/FALL 2025/ENGG680_ML_Project/Merged_Datasets/open_eye_no_yawn/open_eye/s0001_02926_0_1_1_2_0_01.png,/Users/leilatawfik/Desktop/FALL 2025/ENGG680_ML_Project/Merged_Datasets/open_eye_no_yawn/no_yawn/2973.jpg
/Users/leilatawfik/Desktop/FALL 2025/ENGG680_ML_Project/Merged_Datasets/open_eye_no_yawn/open_eye/s0001_02862_0_1_1_0_0_01.png,/Users/leilatawfik/Desktop/FALL 2025/ENGG680_ML_Project/Merged_Datasets/open_eye_no_yawn/no_yawn/3036.jpg
/Users/leilatawfik/Desktop/FALL 2025/ENGG680_ML_Project/Merged_Datasets/open_eye_no_yawn/open_eye/s0001_02587_0_1_1_0_0_01.png,/Users/leilatawfik/Desktop/FALL 2025/ENGG680_ML_Project/Merged_Datasets/open_eye_no_yawn/no_yawn/3160.jpg
/Users/leilatawfik/Desktop/FALL 2025/ENGG680_ML_Project/Merged_Datasets/open_eye_no_yawn/open_eye/s0001_02694_0_1_1_2_0_01.png,/Users/leilatawfik/Desktop/FALL 2025/ENGG680_ML_Project/Merged_Datasets/open_eye_no_yawn/no_yawn/2966.jpg
/Users/leilatawfik/Desktop/FALL 2025/ENGG680_ML_Project/Merged_Datasets/open_eye_no_yawn/open_eye/s0001_02340_0_0_1_0_0_01.png,/Users/leilatawfik/Desktop/FALL 2025/ENGG680_ML_Project/Merged_Datasets/open_eye_no_yawn/no_yawn/2992.jpg
/Users/leilatawfik/Desktop/FALL 2025/ENGG680_ML_Project/Merged_Datasets/open_eye_no_yawn/open_eye/s0001_02939_0_1_1_2_0_01.png,/Users/leilatawfik/Desktop/FALL 2025/ENGG680_ML_Project/Merged_Datasets/open_eye_no_yawn/no_yawn/3153.jpg
/Users/leilatawfik/Desktop/FALL 2025/ENGG680_ML_Project/Merged_Datasets/open_eye_no_yawn/open_eye/s0001_02387_0_0_1_0_0_01.png,/Users/leilatawfik/Desktop/FALL 2025/ENGG680_ML_Project/Merged_Datasets/open_eye_no_yawn/no_yawn/3050.jpg
/Users/leilatawfik/Desktop/FALL 2025/ENGG680_ML_Project/Merged_Datasets/open_eye_no_yawn/open_eye/s0001_02722_0_1_1_2_0_01.png,/Users/leilatawfik/Desktop/FALL 2025/ENGG680_ML_Project/Merged_Datasets/open_eye_no_yawn/no_yawn/3093.jpg
/Users/leilatawfik/Desktop/FALL 2025/ENGG680_ML_Project/Merged_Datasets/open_eye_no_yawn/open_eye/s0001_02359_0_0_1_0_0_01.png,/Users/leilatawfik/Desktop/FALL 2025/ENGG680_ML_Project/Merged_Datasets/open_eye_no_yawn/no_yawn/3018.jpg
/Users/leilatawfik/Desktop/FALL 2025/ENGG680_ML_Project/Merged_Datasets/open_eye_no_yawn/open_eye/s0001_02386_0_0_1_0_0_01.png,/Users/leilatawfik/Desktop/FALL 2025/ENGG680_ML_Project/Merged_Datasets/open_eye_no_yawn/no_yawn/2996.jpg
/Users/leilatawfik/Desktop/FALL 2025/ENGG680_ML_Project/Merged_Datasets/open_eye_no_yawn/open_eye/s0001_02849_0_1_1_2_0_01.png,/Users/leilatawfik/Desktop/FALL 2025/ENGG680_ML_Project/Merged_Datasets/open_eye_no_yawn/no_yawn/3023.jpg
/Users/leilatawfik/Desktop/FALL 2025/ENGG680_ML_Project/Merged_Datasets/open_eye_no_yawn/open_eye/s0001_02638_0_1_1_2_0_01.png,/Users/leilatawfik/Desktop/FALL 2025/ENGG680_ML_Project/Merged_Datasets/open_eye_no_yawn/no_yawn/2998.jpg
/Users/leilatawfik/Desktop/FALL 2025/ENGG680_ML_Project/Merged_Datasets/open_eye_no_yawn/open_eye/s0001_02625_0_1_1_2_0_01.png,/Users/leilatawfik/Desktop/FALL 2025/ENGG680_ML_Project/Merged_Datasets/open_eye_no_yawn/no_yawn/3015.jpg
/Users/leilatawfik/Desktop/FALL 2025/ENGG680_ML_Project/Merged_Datasets/open_eye_no_yawn/open_eye/s0001_02940_0_1_1_2_0_01.png,/Users/leilatawfik/Desktop/FALL 2025/ENGG680_ML_Project/Merged_Datasets/open_eye_no_yawn/no_yawn/3048.jpg
/Users/leilatawfik/Desktop/FALL 2025/ENGG680_ML_Project/Merged_Datasets/open_eye_no_yawn/open_eye/s0001_02382_0_0_1_0_0_01.png,/Users/leilatawfik/Desktop/FALL 2025/ENGG680_ML_Project/Merged_Datasets/open_eye_no_yawn/no_yawn/3027.jpg
/Users/leilatawfik/Desktop/FALL 2025/ENGG680_ML_Project/Merged_Datasets/open_eye_no_yawn/open_eye/s0001_02873_0_1_1_0_1_01.png,/Users/leilatawfik/Desktop/FALL 2025/ENGG680_ML_Project/Merged_Datasets/open_eye_no_yawn/no_yawn/3003.jpg
/Users/leilatawfik/Desktop/FALL 2025/ENGG680_ML_Project/Merged_Datasets/open_eye_no_yawn/open_eye/s0001_02872_0_1_1_0_0_01.png,/Users/leilatawfik/Desktop/FALL 2025/ENGG680_ML_Project/Merged_Datasets/open_eye_no_yawn/no_yawn/3010.jpg
/Users/leilatawfik/Desktop/FALL 2025/ENGG680_ML_Project/Merged_Datasets/open_eye_no_yawn/open_eye/s0001_02624_0_1_1_0_0_01.png,/Users/leilatawfik/Desktop/FALL 2025/ENGG680_ML_Project/Merged_Datasets/open_eye_no_yawn/no_yawn/3159.jpg
/Users/leilatawfik/Desktop/FALL 2025/ENGG680_ML_Project/Merged_Datasets/open_eye_no_yawn/open_eye/s0001_02345_0_0_1_0_0_01.png,/Users/leilatawfik/Desktop/FALL 2025/ENGG680_ML_Project/Merged_Datasets/open_eye_no_yawn/no_yawn/2968.jpg
/Users/leilatawfik/Desktop/FALL 2025/ENGG680_ML_Project/Merged_Datasets/open_eye_no_yawn/open_eye/s0001_02826_0_1_1_0_0_01.png,/Users/leilatawfik/Desktop/FALL 2025/ENGG680_ML_Project/Merged_Datasets/open_eye_no_yawn/no_yawn/3158.jpg
/Users/leilatawfik/Desktop/FALL 2025/ENGG680_ML_Project/Merged_Datasets/open_eye_no_yawn/open_eye/s0001_02860_0_1_1_0_0_01.png,/Users/leilatawfik/Desktop/FALL 2025/ENGG680_ML_Project/Merged_Datasets/open_eye_no_yawn/no_yawn/2993.jpg
/Users/leilatawfik/Desktop/FALL 2025/ENGG680_ML_Project/Merged_Datasets/open_eye_no_yawn/open_eye/s0001_02596_0_1_1_0_0_01.png,/Users/leilatawfik/Desktop/FALL 2025/ENGG680_ML_Project/Merged_Datasets/open_eye_no_yawn/no_yawn/3124.jpg
/Users/leilatawfik/Desktop/FALL 2025/ENGG680_ML_Project/Merged_Datasets/open_eye_no_yawn/open_eye/s0001_02725_0_1_1_0_0_01.png,/Users/leilatawfik/Desktop/FALL 2025/ENGG680_ML_Project/Merged_Datasets/open_eye_no_yawn/no_yawn/3006.jpg
/Users/leilatawfik/Desktop/FALL 2025/ENGG680_ML_Project/Merged_Datasets/open_eye_no_yawn/open_eye/s0001_02688_0_1_1_0_0_01.png,/Users/leilatawfik/Desktop/FALL 2025/ENGG680_ML_Project/Merged_Datasets/open_eye_no_yawn/no_yawn/3065.jpg
/Users/leilatawfik/Desktop/FALL 2025/ENGG680_ML_Project/Merged_Datasets/open_eye_no_yawn/open_eye/s0001_02642_0_1_1_0_0_01.png,/Users/leilatawfik/Desktop/FALL 2025/ENGG680_ML_Project/Merged_Datasets/open_eye_no_yawn/no_yawn/3156.jpg
/Users/leilatawfik/Desktop/FALL 2025/ENGG680_ML_Project/Merged_Datasets/open_eye_no_yawn/open_eye/s0001_02713_0_1_1_0_0_01.png,/Users/leilatawfik/Desktop/FALL 2025/ENGG680_ML_Project/Merged_Datasets/open_eye_no_yawn/no_yawn/3110.jpg
/Users/leilatawfik/Desktop/FALL 2025/ENGG680_ML_Project/Merged_Datasets/open_eye_no_yawn/open_eye/s0001_02687_0_1_1_2_0_01.png,/Users/leilatawfik/Desktop/FALL 2025/ENGG680_ML_Project/Merged_Datasets/open_eye_no_yawn/no_yawn/3094.jpg
/Users/leilatawfik/Desktop/FALL 2025/ENGG680_ML_Project/Merged_Datasets/open_eye_no_yawn/open_eye/s0001_02676_0_1_1_2_0_01.png,/Users/leilatawfik/Desktop/FALL 2025/ENGG680_ML_Project/Merged_Datasets/open_eye_no_yawn/no_yawn/3034.jpg
/Users/leilatawfik/Desktop/FALL 2025/ENGG680_ML_Project/Merged_Datasets/open_eye_no_yawn/open_eye/s0001_02685_0_1_1_2_0_01.png,/Users/leilatawfik/Desktop/FALL 2025/ENGG680_ML_Project/Merged_Datasets/open_eye_no_yawn/no_yawn/3165.jpg
/Users/leilatawfik/Desktop/FALL 2025/ENGG680_ML_Project/Merged_Datasets/open_eye_no_yawn/open_eye/s0001_02828_0_1_1_0_0_01.png,/Users/leilatawfik/Desktop/FALL 2025/ENGG680_ML_Project/Merged_Datasets/open_eye_no_yawn/no_yawn/3013.jpg
/Users/leilatawfik/Desktop/FALL 2025/ENGG680_ML_Project/Merged_Datasets/open_eye_no_yawn/open_eye/s0001_02393_0_0_1_0_0_01.png,/Users/leilatawfik/Desktop/FALL 2025/ENGG680_ML_Project/Merged_Datasets/open_eye_no_yawn/no_yawn/3046.jpg
/Users/leilatawfik/Desktop/FALL 2025/ENGG680_ML_Project/Merged_Datasets/open_eye_no_yawn/open_eye/s0001_02334_0_0_1_0_0_01.png,/Users/leilatawfik/Desktop/FALL 2025/ENGG680_ML_Project/Merged_Datasets/open_eye_no_yawn/no_yawn/3111.jpg
/Users/leilatawfik/Desktop/FALL 2025/ENGG680_ML_Project/Merged_Datasets/open_eye_no_yawn/open_eye/s0001_02861_0_1_1_1_1_01.png,/Users/leilatawfik/Desktop/FALL 2025/ENGG680_ML_Project/Merged_Datasets/open_eye_no_yawn/no_yawn/3149.jpg
/Users/leilatawfik/Desktop/FALL 2025/ENGG680_ML_Project/Merged_Datasets/open_eye_no_yawn/open_eye/s0001_02936_0_1_1_2_0_01.png,/Users/leilatawfik/Desktop/FALL 2025/ENGG680_ML_Project/Merged_Datasets/open_eye_no_yawn/no_yawn/3043.jpg
/Users/leilatawfik/Desktop/FALL 2025/ENGG680_ML_Project/Merged_Datasets/open_eye_no_yawn/open_eye/s0001_02363_0_0_1_0_0_01.png,/Users/leilatawfik/Desktop/FALL 2025/ENGG680_ML_Project/Merged_Datasets/open_eye_no_yawn/no_yawn/3068.jpg
/Users/leilatawfik/Desktop/FALL 2025/ENGG680_ML_Project/Merged_Datasets/open_eye_no_yawn/open_eye/s0001_02649_0_1_1_2_0_01.png,/Users/leilatawfik/Desktop/FALL 2025/ENGG680_ML_Project/Merged_Datasets/open_eye_no_yawn/no_yawn/3066.jpg
/Users/leilatawfik/Desktop/FALL 2025/ENGG680_ML_Project/Merged_Datasets/open_eye_no_yawn/open_eye/s0001_02684_0_1_1_2_0_01.png,/Users/leilatawfik/Desktop/FALL 2025/ENGG680_ML_Project/Merged_Datasets/open_eye_no_yawn/no_yawn/3056.jpg
/Users/leilatawfik/Desktop/FALL 2025/ENGG680_ML_Project/Merged_Datasets/open_eye_no_yawn/open_eye/s0001_02388_0_0_1_0_0_01.png,/Users/leilatawfik/Desktop/FALL 2025/ENGG680_ML_Project/Merged_Datasets/open_eye_no_yawn/no_yawn/3008.jpg
/Users/leilatawfik/Desktop/FALL 2025/ENGG680_ML_Project/Merged_Datasets/open_eye_no_yawn/open_eye/s0001_02853_0_1_1_1_0_01.png,/Users/leilatawfik/Desktop/FALL 2025/ENGG680_ML_Project/Merged_Datasets/open_eye_no_yawn/no_yawn/2990.jpg
/Users/leilatawfik/Desktop/FALL 2025/ENGG680_ML_Project/Merged_Datasets/open_eye_no_yawn/open_eye/s0001_02878_0_1_1_0_1_01.png,/Users/leilatawfik/Desktop/FALL 2025/ENGG680_ML_Project/Merged_Datasets/open_eye_no_yawn/no_yawn/3040.jpg
/Users/leilatawfik/Desktop/FALL 2025/ENGG680_ML_Project/Merged_Datasets/open_eye_no_yawn/open_eye/s0001_02794_0_1_1_2_0_01.png,/Users/leilatawfik/Desktop/FALL 2025/ENGG680_ML_Project/Merged_Datasets/open_eye_no_yawn/no_yawn/3147.jpg
/Users/leilatawfik/Desktop/FALL 2025/ENGG680_ML_Project/Merged_Datasets/open_eye_no_yawn/open_eye/s0001_02647_0_1_1_0_0_01.png,/Users/leilatawfik/Desktop/FALL 2025/ENGG680_ML_Project/Merged_Datasets/open_eye_no_yawn/no_yawn/2995.jpg
/Users/leilatawfik/Desktop/FALL 2025/ENGG680_ML_Project/Merged_Datasets/open_eye_no_yawn/open_eye/s0001_02715_0_1_1_2_0_01.png,/Users/leilatawfik/Desktop/FALL 2025/ENGG680_ML_Project/Merged_Datasets/open_eye_no_yawn/no_yawn/3145.jpg
/Users/leilatawfik/Desktop/FALL 2025/ENGG680_ML_Project/Merged_Datasets/open_eye_no_yawn/open_eye/s0001_02367_0_0_1_0_0_01.png,/Users/leilatawfik/Desktop/FALL 2025/ENGG680_ML_Project/Merged_Datasets/open_eye_no_yawn/no_yawn/3074.jpg
/Users/leilatawfik/Desktop/FALL 2025/ENGG680_ML_Project/Merged_Datasets/open_eye_no_yawn/open_eye/s0001_02361_0_0_1_0_0_01.png,/Users/leilatawfik/Desktop/FALL 2025/ENGG680_ML_Project/Merged_Datasets/open_eye_no_yawn/no_yawn/3155.jpg
/Users/leilatawfik/Desktop/FALL 2025/ENGG680_ML_Project/Merged_Datasets/open_eye_no_yawn/open_eye/s0001_02879_0_1_1_0_1_01.png,/Users/leilatawfik/Desktop/FALL 2025/ENGG680_ML_Project/Merged_Datasets/open_eye_no_yawn/no_yawn/3090.jpg
/Users/leilatawfik/Desktop/FALL 2025/ENGG680_ML_Project/Merged_Datasets/open_eye_no_yawn/open_eye/s0001_02829_0_1_1_0_0_01.png,/Users/leilatawfik/Desktop/FALL 2025/ENGG680_ML_Project/Merged_Datasets/open_eye_no_yawn/no_yawn/3135.jpg
/Users/leilatawfik/Desktop/FALL 2025/ENGG680_ML_Project/Merged_Datasets/open_eye_no_yawn/open_eye/s0001_02883_0_1_1_0_0_01.png,/Users/leilatawfik/Desktop/FALL 2025/ENGG680_ML_Project/Merged_Datasets/open_eye_no_yawn/no_yawn/2987.jpg
/Users/leilatawfik/Desktop/FALL 2025/ENGG680_ML_Project/Merged_Datasets/open_eye_no_yawn/open_eye/s0001_02634_0_1_1_2_0_01.png,/Users/leilatawfik/Desktop/FALL 2025/ENGG680_ML_Project/Merged_Datasets/open_eye_no_yawn/no_yawn/2974.jpg
/Users/leilatawfik/Desktop/FALL 2025/ENGG680_ML_Project/Merged_Datasets/open_eye_no_yawn/open_eye/s0001_02653_0_1_1_2_0_01.png,/Users/leilatawfik/Desktop/FALL 2025/ENGG680_ML_Project/Merged_Datasets/open_eye_no_yawn/no_yawn/3033.jpg
/Users/leilatawfik/Desktop/FALL 2025/ENGG680_ML_Project/Merged_Datasets/open_eye_no_yawn/open_eye/s0001_02865_0_1_1_2_1_01.png,/Users/leilatawfik/Desktop/FALL 2025/ENGG680_ML_Project/Merged_Datasets/open_eye_no_yawn/no_yawn/3049.jpg
/Users/leilatawfik/Desktop/FALL 2025/ENGG680_ML_Project/Merged_Datasets/open_eye_no_yawn/open_eye/s0001_02571_0_1_1_0_0_01.png,/Users/leilatawfik/Desktop/FALL 2025/ENGG680_ML_Project/Merged_Datasets/open_eye_no_yawn/no_yawn/2984.jpg
/Users/leilatawfik/Desktop/FALL 2025/ENGG680_ML_Project/Merged_Datasets/open_eye_no_yawn/open_eye/s0001_02686_0_1_1_2_0_01.png,/Users/leilatawfik/Desktop/FALL 2025/ENGG680_ML_Project/Merged_Datasets/open_eye_no_yawn/no_yawn/3035.jpg
/Users/leilatawfik/Desktop/FALL 2025/ENGG680_ML_Project/Merged_Datasets/open_eye_no_yawn/open_eye/s0001_02648_0_1_1_0_0_01.png,/Users/leilatawfik/Desktop/FALL 2025/ENGG680_ML_Project/Merged_Datasets/open_eye_no_yawn/no_yawn/3032.jpg
/Users/leilatawfik/Desktop/FALL 2025/ENGG680_ML_Project/Merged_Datasets/open_eye_no_yawn/open_eye/s0001_02599_0_1_1_0_0_01.png,/Users/leilatawfik/Desktop/FALL 2025/ENGG680_ML_Project/Merged_Datasets/open_eye_no_yawn/no_yawn/3081.jpg
/Users/leilatawfik/Desktop/FALL 2025/ENGG680_ML_Project/Merged_Datasets/open_eye_no_yawn/open_eye/s0001_02941_0_1_1_2_0_01.png,/Users/leilatawfik/Desktop/FALL 2025/ENGG680_ML_Project/Merged_Datasets/open_eye_no_yawn/no_yawn/3053.jpg
/Users/leilatawfik/Desktop/FALL 2025/ENGG680_ML_Project/Merged_Datasets/open_eye_no_yawn/open_eye/s0001_02654_0_1_1_2_0_01.png,/Users/leilatawfik/Desktop/FALL 2025/ENGG680_ML_Project/Merged_Datasets/open_eye_no_yawn/no_yawn/3088.jpg
/Users/leilatawfik/Desktop/FALL 2025/ENGG680_ML_Project/Merged_Datasets/open_eye_no_yawn/open_eye/s0001_02718_0_1_1_2_0_01.png,/Users/leilatawfik/Desktop/FALL 2025/ENGG680_ML_Project/Merged_Datasets/open_eye_no_yawn/no_yawn/3112.jpg
/Users/leilatawfik/Desktop/FALL 2025/ENGG680_ML_Project/Merged_Datasets/open_eye_no_yawn/open_eye/s0001_02693_0_1_1_2_0_01.png,/Users/leilatawfik/Desktop/FALL 2025/ENGG680_ML_Project/Merged_Datasets/open_eye_no_yawn/no_yawn/3004.jpg
/Users/leilatawfik/Desktop/FALL 2025/ENGG680_ML_Project/Merged_Datasets/open_eye_no_yawn/open_eye/s0001_02792_0_1_1_2_0_01.png,/Users/leilatawfik/Desktop/FALL 2025/ENGG680_ML_Project/Merged_Datasets/open_eye_no_yawn/no_yawn/3107.jpg
/Users/leilatawfik/Desktop/FALL 2025/ENGG680_ML_Project/Merged_Datasets/open_eye_no_yawn/open_eye/s0001_02816_0_1_1_0_0_01.png,/Users/leilatawfik/Desktop/FALL 2025/ENGG680_ML_Project/Merged_Datasets/open_eye_no_yawn/no_yawn/3097.jpg
/Users/leilatawfik/Desktop/FALL 2025/ENGG680_ML_Project/Merged_Datasets/open_eye_no_yawn/open_eye/s0001_02383_0_0_1_0_0_01.png,/Users/leilatawfik/Desktop/FALL 2025/ENGG680_ML_Project/Merged_Datasets/open_eye_no_yawn/no_yawn/3042.jpg
/Users/leilatawfik/Desktop/FALL 2025/ENGG680_ML_Project/Merged_Datasets/open_eye_no_yawn/open_eye/s0001_02366_0_0_1_0_0_01.png,/Users/leilatawfik/Desktop/FALL 2025/ENGG680_ML_Project/Merged_Datasets/open_eye_no_yawn/no_yawn/3113.jpg
/Users/leilatawfik/Desktop/FALL 2025/ENGG680_ML_Project/Merged_Datasets/open_eye_no_yawn/open_eye/s0001_02801_0_1_1_2_0_01.png,/Users/leilatawfik/Desktop/FALL 2025/ENGG680_ML_Project/Merged_Datasets/open_eye_no_yawn/no_yawn/3085.jpg
/Users/leilatawfik/Desktop/FALL 2025/ENGG680_ML_Project/Merged_Datasets/open_eye_no_yawn/open_eye/s0001_02723_0_1_1_0_0_01.png,/Users/leilatawfik/Desktop/FALL 2025/ENGG680_ML_Project/Merged_Datasets/open_eye_no_yawn/no_yawn/3001.jpg
/Users/leilatawfik/Desktop/FALL 2025/ENGG680_ML_Project/Merged_Datasets/open_eye_no_yawn/open_eye/s0001_02876_0_1_1_0_1_01.png,/Users/leilatawfik/Desktop/FALL 2025/ENGG680_ML_Project/Merged_Datasets/open_eye_no_yawn/no_yawn/3117.jpg
/Users/leilatawfik/Desktop/FALL 2025/ENGG680_ML_Project/Merged_Datasets/open_eye_no_yawn/open_eye/s0001_02631_0_1_1_2_0_01.png,/Users/leilatawfik/Desktop/FALL 2025/ENGG680_ML_Project/Merged_Datasets/open_eye_no_yawn/no_yawn/3095.jpg
/Users/leilatawfik/Desktop/FALL 2025/ENGG680_ML_Project/Merged_Datasets/open_eye_no_yawn/open_eye/s0001_02652_0_1_1_2_0_01.png,/Users/leilatawfik/Desktop/FALL 2025/ENGG680_ML_Project/Merged_Datasets/open_eye_no_yawn/no_yawn/3091.jpg
/Users/leilatawfik/Desktop/FALL 2025/ENGG680_ML_Project/Merged_Datasets/open_eye_no_yawn/open_eye/s0001_02831_0_1_1_0_0_01.png,/Users/leilatawfik/Desktop/FALL 2025/ENGG680_ML_Project/Merged_Datasets/open_eye_no_yawn/no_yawn/3059.jpg
/Users/leilatawfik/Desktop/FALL 2025/ENGG680_ML_Project/Merged_Datasets/open_eye_no_yawn/open_eye/s0001_02682_0_1_1_2_0_01.png,/Users/leilatawfik/Desktop/FALL 2025/ENGG680_ML_Project/Merged_Datasets/open_eye_no_yawn/no_yawn/3157.jpg
/Users/leilatawfik/Desktop/FALL 2025/ENGG680_ML_Project/Merged_Datasets/open_eye_no_yawn/open_eye/s0001_02851_0_1_1_2_0_01.png,/Users/leilatawfik/Desktop/FALL 2025/ENGG680_ML_Project/Merged_Datasets/open_eye_no_yawn/no_yawn/3098.jpg
/Users/leilatawfik/Desktop/FALL 2025/ENGG680_ML_Project/Merged_Datasets/open_eye_no_yawn/open_eye/s0001_02641_0_1_1_2_0_01.png,/Users/leilatawfik/Desktop/FALL 2025/ENGG680_ML_Project/Merged_Datasets/open_eye_no_yawn/no_yawn/3061.jpg
/Users/leilatawfik/Desktop/FALL 2025/ENGG680_ML_Project/Merged_Datasets/open_eye_no_yawn/open_eye/s0001_02377_0_0_1_0_0_01.png,/Users/leilatawfik/Desktop/FALL 2025/ENGG680_ML_Project/Merged_Datasets/open_eye_no_yawn/no_yawn/3057.jpg
/Users/leilatawfik/Desktop/FALL 2025/ENGG680_ML_Project/Merged_Datasets/open_eye_no_yawn/open_eye/s0001_02888_0_1_1_0_0_01.png,/Users/leilatawfik/Desktop/FALL 2025/ENGG680_ML_Project/Merged_Datasets/open_eye_no_yawn/no_yawn/3128.jpg
/Users/leilatawfik/Desktop/FALL 2025/ENGG680_ML_Project/Merged_Datasets/open_eye_no_yawn/open_eye/s0001_02696_0_1_1_2_0_01.png,/Users/leilatawfik/Desktop/FALL 2025/ENGG680_ML_Project/Merged_Datasets/open_eye_no_yawn/no_yawn/3000.jpg
/Users/leilatawfik/Desktop/FALL 2025/ENGG680_ML_Project/Merged_Datasets/open_eye_no_yawn/open_eye/s0001_02595_0_1_1_0_0_01.png,/Users/leilatawfik/Desktop/FALL 2025/ENGG680_ML_Project/Merged_Datasets/open_eye_no_yawn/no_yawn/3137.jpg
/Users/leilatawfik/Desktop/FALL 2025/ENGG680_ML_Project/Merged_Datasets/open_eye_no_yawn/open_eye/s0001_02875_0_1_1_0_1_01.png,/Users/leilatawfik/Desktop/FALL 2025/ENGG680_ML_Project/Merged_Datasets/open_eye_no_yawn/no_yawn/3126.jpg
/Users/leilatawfik/Desktop/FALL 2025/ENGG680_ML_Project/Merged_Datasets/open_eye_no_yawn/open_eye/s0001_02339_0_0_1_0_0_01.png,/Users/leilatawfik/Desktop/FALL 2025/ENGG680_ML_Project/Merged_Datasets/open_eye_no_yawn/no_yawn/3104.jpg
/Users/leilatawfik/Desktop/FALL 2025/ENGG680_ML_Project/Merged_Datasets/open_eye_no_yawn/open_eye/s0001_02379_0_0_1_0_0_01.png,/Users/leilatawfik/Desktop/FALL 2025/ENGG680_ML_Project/Merged_Datasets/open_eye_no_yawn/no_yawn/2964.jpg
/Users/leilatawfik/Desktop/FALL 2025/ENGG680_ML_Project/Merged_Datasets/open_eye_no_yawn/open_eye/s0001_02887_0_1_1_0_1_01.png,/Users/leilatawfik/Desktop/FALL 2025/ENGG680_ML_Project/Merged_Datasets/open_eye_no_yawn/no_yawn/3103.jpg
/Users/leilatawfik/Desktop/FALL 2025/ENGG680_ML_Project/Merged_Datasets/open_eye_no_yawn/open_eye/s0001_02681_0_1_1_2_0_01.png,/Users/leilatawfik/Desktop/FALL 2025/ENGG680_ML_Project/Merged_Datasets/open_eye_no_yawn/no_yawn/3079.jpg
/Users/leilatawfik/Desktop/FALL 2025/ENGG680_ML_Project/Merged_Datasets/open_eye_no_yawn/open_eye/s0001_02680_0_1_1_2_0_01.png,/Users/leilatawfik/Desktop/FALL 2025/ENGG680_ML_Project/Merged_Datasets/open_eye_no_yawn/no_yawn/2971.jpg
/Users/leilatawfik/Desktop/FALL 2025/ENGG680_ML_Project/Merged_Datasets/open_eye_no_yawn/open_eye/s0001_02749_0_1_1_2_0_01.png,/Users/leilatawfik/Desktop/FALL 2025/ENGG680_ML_Project/Merged_Datasets/open_eye_no_yawn/no_yawn/3162.jpg
/Users/leilatawfik/Desktop/FALL 2025/ENGG680_ML_Project/Merged_Datasets/open_eye_no_yawn/open_eye/s0001_02724_0_1_1_0_0_01.png,/Users/leilatawfik/Desktop/FALL 2025/ENGG680_ML_Project/Merged_Datasets/open_eye_no_yawn/no_yawn/3127.jpg
/Users/leilatawfik/Desktop/FALL 2025/ENGG680_ML_Project/Merged_Datasets/open_eye_no_yawn/open_eye/s0001_02943_0_1_1_2_0_01.png,/Users/leilatawfik/Desktop/FALL 2025/ENGG680_ML_Project/Merged_Datasets/open_eye_no_yawn/no_yawn/3029.jpg
/Users/leilatawfik/Desktop/FALL 2025/ENGG680_ML_Project/Merged_Datasets/open_eye_no_yawn/open_eye/s0001_02793_0_1_1_2_0_01.png,/Users/leilatawfik/Desktop/FALL 2025/ENGG680_ML_Project/Merged_Datasets/open_eye_no_yawn/no_yawn/3122.jpg
/Users/leilatawfik/Desktop/FALL 2025/ENGG680_ML_Project/Merged_Datasets/open_eye_no_yawn/open_eye/s0001_02882_0_1_1_0_0_01.png,/Users/leilatawfik/Desktop/FALL 2025/ENGG680_ML_Project/Merged_Datasets/open_eye_no_yawn/no_yawn/3020.jpg
/Users/leilatawfik/Desktop/FALL 2025/ENGG680_ML_Project/Merged_Datasets/open_eye_no_yawn/open_eye/s0001_02720_0_1_1_2_0_01.png,/Users/leilatawfik/Desktop/FALL 2025/ENGG680_ML_Project/Merged_Datasets/open_eye_no_yawn/no_yawn/2985.jpg
/Users/leilatawfik/Desktop/FALL 2025/ENGG680_ML_Project/Merged_Datasets/open_eye_no_yawn/open_eye/s0001_02384_0_0_1_0_0_01.png,/Users/leilatawfik/Desktop/FALL 2025/ENGG680_ML_Project/Merged_Datasets/open_eye_no_yawn/no_yawn/3152.jpg
/Users/leilatawfik/Desktop/FALL 2025/ENGG680_ML_Project/Merged_Datasets/open_eye_no_yawn/open_eye/s0001_02592_0_1_1_0_0_01.png,/Users/leilatawfik/Desktop/FALL 2025/ENGG680_ML_Project/Merged_Datasets/open_eye_no_yawn/no_yawn/3164.jpg
/Users/leilatawfik/Desktop/FALL 2025/ENGG680_ML_Project/Merged_Datasets/open_eye_no_yawn/open_eye/s0001_02870_0_1_1_0_1_01.png,/Users/leilatawfik/Desktop/FALL 2025/ENGG680_ML_Project/Merged_Datasets/open_eye_no_yawn/no_yawn/3064.jpg
/Users/leilatawfik/Desktop/FALL 2025/ENGG680_ML_Project/Merged_Datasets/open_eye_no_yawn/open_eye/s0001_02798_0_1_1_0_0_01.png,/Users/leilatawfik/Desktop/FALL 2025/ENGG680_ML_Project/Merged_Datasets/open_eye_no_yawn/no_yawn/2975.jpg
/Users/leilatawfik/Desktop/FALL 2025/ENGG680_ML_Project/Merged_Datasets/open_eye_no_yawn/open_eye/s0001_02832_0_1_1_0_0_01.png,/Users/leilatawfik/Desktop/FALL 2025/ENGG680_ML_Project/Merged_Datasets/open_eye_no_yawn/no_yawn/3141.jpg
/Users/leilatawfik/Desktop/FALL 2025/ENGG680_ML_Project/Merged_Datasets/open_eye_no_yawn/open_eye/s0001_02781_0_1_1_2_0_01.png,/Users/leilatawfik/Desktop/FALL 2025/ENGG680_ML_Project/Merged_Datasets/open_eye_no_yawn/no_yawn/3075.jpg
/Users/leilatawfik/Desktop/FALL 2025/ENGG680_ML_Project/Merged_Datasets/open_eye_no_yawn/open_eye/s0001_02727_0_1_1_0_0_01.png,/Users/leilatawfik/Desktop/FALL 2025/ENGG680_ML_Project/Merged_Datasets/open_eye_no_yawn/no_yawn/3037.jpg
/Users/leilatawfik/Desktop/FALL 2025/ENGG680_ML_Project/Merged_Datasets/open_eye_no_yawn/open_eye/s0001_02369_0_0_1_0_0_01.png,/Users/leilatawfik/Desktop/FALL 2025/ENGG680_ML_Project/Merged_Datasets/open_eye_no_yawn/no_yawn/3051.jpg
/Users/leilatawfik/Desktop/FALL 2025/ENGG680_ML_Project/Merged_Datasets/open_eye_no_yawn/open_eye/s0001_02650_0_1_1_1_0_01.png,/Users/leilatawfik/Desktop/FALL 2025/ENGG680_ML_Project/Merged_Datasets/open_eye_no_yawn/no_yawn/2970.jpg
/Users/leilatawfik/Desktop/FALL 2025/ENGG680_ML_Project/Merged_Datasets/open_eye_no_yawn/open_eye/s0001_02646_0_1_1_0_0_01.png,/Users/leilatawfik/Desktop/FALL 2025/ENGG680_ML_Project/Merged_Datasets/open_eye_no_yawn/no_yawn/2976.jpg
/Users/leilatawfik/Desktop/FALL 2025/ENGG680_ML_Project/Merged_Datasets/open_eye_no_yawn/open_eye/s0001_02344_0_0_1_0_0_01.png,/Users/leilatawfik/Desktop/FALL 2025/ENGG680_ML_Project/Merged_Datasets/open_eye_no_yawn/no_yawn/3038.jpg
/Users/leilatawfik/Desktop/FALL 2025/ENGG680_ML_Project/Merged_Datasets/open_eye_no_yawn/open_eye/s0001_02651_0_1_1_2_0_01.png,/Users/leilatawfik/Desktop/FALL 2025/ENGG680_ML_Project/Merged_Datasets/open_eye_no_yawn/no_yawn/3077.jpg
/Users/leilatawfik/Desktop/FALL 2025/ENGG680_ML_Project/Merged_Datasets/open_eye_no_yawn/open_eye/s0001_02864_0_1_1_0_0_01.png,/Users/leilatawfik/Desktop/FALL 2025/ENGG680_ML_Project/Merged_Datasets/open_eye_no_yawn/no_yawn/3116.jpg
/Users/leilatawfik/Desktop/FALL 2025/ENGG680_ML_Project/Merged_Datasets/open_eye_no_yawn/open_eye/s0001_02719_0_1_1_2_0_01.png,/Users/leilatawfik/Desktop/FALL 2025/ENGG680_ML_Project/Merged_Datasets/open_eye_no_yawn/no_yawn/3108.jpg
/Users/leilatawfik/Desktop/FALL 2025/ENGG680_ML_Project/Merged_Datasets/open_eye_no_yawn/open_eye/s0001_02670_0_1_1_0_0_01.png,/Users/leilatawfik/Desktop/FALL 2025/ENGG680_ML_Project/Merged_Datasets/open_eye_no_yawn/no_yawn/3142.jpg
/Users/leilatawfik/Desktop/FALL 2025/ENGG680_ML_Project/Merged_Datasets/open_eye_no_yawn/open_eye/s0001_02637_0_1_1_0_0_01.png,/Users/leilatawfik/Desktop/FALL 2025/ENGG680_ML_Project/Merged_Datasets/open_eye_no_yawn/no_yawn/2983.jpg
/Users/leilatawfik/Desktop/FALL 2025/ENGG680_ML_Project/Merged_Datasets/open_eye_no_yawn/open_eye/s0001_02597_0_1_1_0_0_01.png,/Users/leilatawfik/Desktop/FALL 2025/ENGG680_ML_Project/Merged_Datasets/open_eye_no_yawn/no_yawn/3105.jpg
/Users/leilatawfik/Desktop/FALL 2025/ENGG680_ML_Project/Merged_Datasets/open_eye_no_yawn/open_eye/s0001_02671_0_1_1_0_0_01.png,/Users/leilatawfik/Desktop/FALL 2025/ENGG680_ML_Project/Merged_Datasets/open_eye_no_yawn/no_yawn/3086.jpg
/Users/leilatawfik/Desktop/FALL 2025/ENGG680_ML_Project/Merged_Datasets/open_eye_no_yawn/open_eye/s0001_02675_0_1_1_2_0_01.png,/Users/leilatawfik/Desktop/FALL 2025/ENGG680_ML_Project/Merged_Datasets/open_eye_no_yawn/no_yawn/3130.jpg
/Users/leilatawfik/Desktop/FALL 2025/ENGG680_ML_Project/Merged_Datasets/open_eye_no_yawn/open_eye/s0001_02391_0_0_1_0_0_01.png,/Users/leilatawfik/Desktop/FALL 2025/ENGG680_ML_Project/Merged_Datasets/open_eye_no_yawn/no_yawn/3014.jpg
/Users/leilatawfik/Desktop/FALL 2025/ENGG680_ML_Project/Merged_Datasets/open_eye_no_yawn/open_eye/s0001_02674_0_1_1_2_0_01.png,/Users/leilatawfik/Desktop/FALL 2025/ENGG680_ML_Project/Merged_Datasets/open_eye_no_yawn/no_yawn/3125.jpg
/Users/leilatawfik/Desktop/FALL 2025/ENGG680_ML_Project/Merged_Datasets/open_eye_no_yawn/open_eye/s0001_02716_0_1_1_2_0_01.png,/Users/leilatawfik/Desktop/FALL 2025/ENGG680_ML_Project/Merged_Datasets/open_eye_no_yawn/no_yawn/2999.jpg
/Users/leilatawfik/Desktop/FALL 2025/ENGG680_ML_Project/Merged_Datasets/open_eye_no_yawn/open_eye/s0001_02944_0_1_1_2_0_01.png,/Users/leilatawfik/Desktop/FALL 2025/ENGG680_ML_Project/Merged_Datasets/open_eye_no_yawn/no_yawn/3082.jpg
/Users/leilatawfik/Desktop/FALL 2025/ENGG680_ML_Project/Merged_Datasets/open_eye_no_yawn/open_eye/s0001_02854_0_1_1_0_0_01.png,/Users/leilatawfik/Desktop/FALL 2025/ENGG680_ML_Project/Merged_Datasets/open_eye_no_yawn/no_yawn/3119.jpg
/Users/leilatawfik/Desktop/FALL 2025/ENGG680_ML_Project/Merged_Datasets/open_eye_no_yawn/open_eye/s0001_02375_0_0_1_0_0_01.png,/Users/leilatawfik/Desktop/FALL 2025/ENGG680_ML_Project/Merged_Datasets/open_eye_no_yawn/no_yawn/3017.jpg
/Users/leilatawfik/Desktop/FALL 2025/ENGG680_ML_Project/Merged_Datasets/open_eye_no_yawn/open_eye/s0001_02884_0_1_1_0_1_01.png,/Users/leilatawfik/Desktop/FALL 2025/ENGG680_ML_Project/Merged_Datasets/open_eye_no_yawn/no_yawn/3151.jpg
/Users/leilatawfik/Desktop/FALL 2025/ENGG680_ML_Project/Merged_Datasets/open_eye_no_yawn/open_eye/s0001_02830_0_1_1_0_0_01.png,/Users/leilatawfik/Desktop/FALL 2025/ENGG680_ML_Project/Merged_Datasets/open_eye_no_yawn/no_yawn/2991.jpg
/Users/leilatawfik/Desktop/FALL 2025/ENGG680_ML_Project/Merged_Datasets/open_eye_no_yawn/open_eye/s0001_02643_0_1_1_2_0_01.png,/Users/leilatawfik/Desktop/FALL 2025/ENGG680_ML_Project/Merged_Datasets/open_eye_no_yawn/no_yawn/3148.jpg
/Users/leilatawfik/Desktop/FALL 2025/ENGG680_ML_Project/Merged_Datasets/open_eye_no_yawn/open_eye/s0001_02621_0_1_1_2_0_01.png,/Users/leilatawfik/Desktop/FALL 2025/ENGG680_ML_Project/Merged_Datasets/open_eye_no_yawn/no_yawn/3071.jpg
/Users/leilatawfik/Desktop/FALL 2025/ENGG680_ML_Project/Merged_Datasets/open_eye_no_yawn/open_eye/s0001_02838_0_1_1_0_0_01.png,/Users/leilatawfik/Desktop/FALL 2025/ENGG680_ML_Project/Merged_Datasets/open_eye_no_yawn/no_yawn/3138.jpg
/Users/leilatawfik/Desktop/FALL 2025/ENGG680_ML_Project/Merged_Datasets/open_eye_no_yawn/open_eye/s0001_02364_0_0_1_0_0_01.png,/Users/leilatawfik/Desktop/FALL 2025/ENGG680_ML_Project/Merged_Datasets/open_eye_no_yawn/no_yawn/2989.jpg
/Users/leilatawfik/Desktop/FALL 2025/ENGG680_ML_Project/Merged_Datasets/open_eye_no_yawn/open_eye/s0001_02593_0_1_1_0_0_01.png,/Users/leilatawfik/Desktop/FALL 2025/ENGG680_ML_Project/Merged_Datasets/open_eye_no_yawn/no_yawn/2977.jpg
/Users/leilatawfik/Desktop/FALL 2025/ENGG680_ML_Project/Merged_Datasets/open_eye_no_yawn/open_eye/s0001_02673_0_1_1_2_0_01.png,/Users/leilatawfik/Desktop/FALL 2025/ENGG680_ML_Project/Merged_Datasets/open_eye_no_yawn/no_yawn/3087.jpg
/Users/leilatawfik/Desktop/FALL 2025/ENGG680_ML_Project/Merged_Datasets/open_eye_no_yawn/open_eye/s0001_02644_0_1_1_0_0_01.png,/Users/leilatawfik/Desktop/FALL 2025/ENGG680_ML_Project/Merged_Datasets/open_eye_no_yawn/no_yawn/3073.jpg
/Users/leilatawfik/Desktop/FALL 2025/ENGG680_ML_Project/Merged_Datasets/open_eye_no_yawn/open_eye/s0001_02815_0_1_1_0_0_01.png,/Users/leilatawfik/Desktop/FALL 2025/ENGG680_ML_Project/Merged_Datasets/open_eye_no_yawn/no_yawn/3076.jpg
/Users/leilatawfik/Desktop/FALL 2025/ENGG680_ML_Project/Merged_Datasets/open_eye_no_yawn/open_eye/s0001_02368_0_0_1_0_0_01.png,/Users/leilatawfik/Desktop/FALL 2025/ENGG680_ML_Project/Merged_Datasets/open_eye_no_yawn/no_yawn/3058.jpg
/Users/leilatawfik/Desktop/FALL 2025/ENGG680_ML_Project/Merged_Datasets/open_eye_no_yawn/open_eye/s0001_02678_0_1_1_2_0_01.png,/Users/leilatawfik/Desktop/FALL 2025/ENGG680_ML_Project/Merged_Datasets/open_eye_no_yawn/no_yawn/3078.jpg
/Users/leilatawfik/Desktop/FALL 2025/ENGG680_ML_Project/Merged_Datasets/open_eye_no_yawn/open_eye/s0001_02381_0_0_1_0_0_01.png,/Users/leilatawfik/Desktop/FALL 2025/ENGG680_ML_Project/Merged_Datasets/open_eye_no_yawn/no_yawn/3143.jpg
/Users/leilatawfik/Desktop/FALL 2025/ENGG680_ML_Project/Merged_Datasets/open_eye_no_yawn/open_eye/s0001_02796_0_1_1_2_0_01.png,/Users/leilatawfik/Desktop/FALL 2025/ENGG680_ML_Project/Merged_Datasets/open_eye_no_yawn/no_yawn/2988.jpg
/Users/leilatawfik/Desktop/FALL 2025/ENGG680_ML_Project/Merged_Datasets/open_eye_no_yawn/open_eye/s0001_02717_0_1_1_2_0_01.png,/Users/leilatawfik/Desktop/FALL 2025/ENGG680_ML_Project/Merged_Datasets/open_eye_no_yawn/no_yawn/3016.jpg
/Users/leilatawfik/Desktop/FALL 2025/ENGG680_ML_Project/Merged_Datasets/open_eye_no_yawn/open_eye/s0001_02358_0_0_1_0_0_01.png,/Users/leilatawfik/Desktop/FALL 2025/ENGG680_ML_Project/Merged_Datasets/open_eye_no_yawn/no_yawn/3072.jpg
/Users/leilatawfik/Desktop/FALL 2025/ENGG680_ML_Project/Merged_Datasets/open_eye_no_yawn/open_eye/s0001_02636_0_1_1_2_0_01.png,/Users/leilatawfik/Desktop/FALL 2025/ENGG680_ML_Project/Merged_Datasets/open_eye_no_yawn/no_yawn/3123.jpg
/Users/leilatawfik/Desktop/FALL 2025/ENGG680_ML_Project/Merged_Datasets/open_eye_no_yawn/open_eye/s0001_02669_0_1_1_2_0_01.png,/Users/leilatawfik/Desktop/FALL 2025/ENGG680_ML_Project/Merged_Datasets/open_eye_no_yawn/no_yawn/3030.jpg
/Users/leilatawfik/Desktop/FALL 2025/ENGG680_ML_Project/Merged_Datasets/open_eye_no_yawn/open_eye/s0001_02672_0_1_1_2_0_01.png,/Users/leilatawfik/Desktop/FALL 2025/ENGG680_ML_Project/Merged_Datasets/open_eye_no_yawn/no_yawn/3089.jpg
/Users/leilatawfik/Desktop/FALL 2025/ENGG680_ML_Project/Merged_Datasets/open_eye_no_yawn/open_eye/s0001_02372_0_0_1_0_0_01.png,/Users/leilatawfik/Desktop/FALL 2025/ENGG680_ML_Project/Merged_Datasets/open_eye_no_yawn/no_yawn/3115.jpg
/Users/leilatawfik/Desktop/FALL 2025/ENGG680_ML_Project/Merged_Datasets/open_eye_no_yawn/open_eye/s0001_02679_0_1_1_2_0_01.png,/Users/leilatawfik/Desktop/FALL 2025/ENGG680_ML_Project/Merged_Datasets/open_eye_no_yawn/no_yawn/3114.jpg
/Users/leilatawfik/Desktop/FALL 2025/ENGG680_ML_Project/Merged_Datasets/open_eye_no_yawn/open_eye/s0001_02886_0_1_1_2_0_01.png,/Users/leilatawfik/Desktop/FALL 2025/ENGG680_ML_Project/Merged_Datasets/open_eye_no_yawn/no_yawn/2997.jpg
/Users/leilatawfik/Desktop/FALL 2025/ENGG680_ML_Project/Merged_Datasets/open_eye_no_yawn/open_eye/s0001_02933_0_1_1_2_0_01.png,/Users/leilatawfik/Desktop/FALL 2025/ENGG680_ML_Project/Merged_Datasets/open_eye_no_yawn/no_yawn/3166.jpg
/Users/leilatawfik/Desktop/FALL 2025/ENGG680_ML_Project/Merged_Datasets/open_eye_no_yawn/open_eye/s0001_02655_0_1_1_2_0_01.png,/Users/leilatawfik/Desktop/FALL 2025/ENGG680_ML_Project/Merged_Datasets/open_eye_no_yawn/no_yawn/3167.jpg
/Users/leilatawfik/Desktop/FALL 2025/ENGG680_ML_Project/Merged_Datasets/open_eye_no_yawn/open_eye/s0001_02885_0_1_1_0_1_01.png,/Users/leilatawfik/Desktop/FALL 2025/ENGG680_ML_Project/Merged_Datasets/open_eye_no_yawn/no_yawn/3092.jpg
/Users/leilatawfik/Desktop/FALL 2025/ENGG680_ML_Project/Merged_Datasets/open_eye_no_yawn/open_eye/s0001_02389_0_0_1_0_0_01.png,/Users/leilatawfik/Desktop/FALL 2025/ENGG680_ML_Project/Merged_Datasets/open_eye_no_yawn/no_yawn/3039.jpg
/Users/leilatawfik/Desktop/FALL 2025/ENGG680_ML_Project/Merged_Datasets/open_eye_no_yawn/open_eye/s0001_02869_0_1_1_0_1_01.png,/Users/leilatawfik/Desktop/FALL 2025/ENGG680_ML_Project/Merged_Datasets/open_eye_no_yawn/no_yawn/3028.jpg
/Users/leilatawfik/Desktop/FALL 2025/ENGG680_ML_Project/Merged_Datasets/open_eye_no_yawn/open_eye/s0001_02656_0_1_1_2_0_01.png,/Users/leilatawfik/Desktop/FALL 2025/ENGG680_ML_Project/Merged_Datasets/open_eye_no_yawn/no_yawn/3099.jpg
/Users/leilatawfik/Desktop/FALL 2025/ENGG680_ML_Project/Merged_Datasets/open_eye_no_yawn/open_eye/s0001_02889_0_1_1_0_0_01.png,/Users/leilatawfik/Desktop/FALL 2025/ENGG680_ML_Project/Merged_Datasets/open_eye_no_yawn/no_yawn/3140.jpg
/Users/leilatawfik/Desktop/FALL 2025/ENGG680_ML_Project/Merged_Datasets/open_eye_no_yawn/open_eye/s0001_02390_0_0_1_0_0_01.png,/Users/leilatawfik/Desktop/FALL 2025/ENGG680_ML_Project/Merged_Datasets/open_eye_no_yawn/no_yawn/3052.jpg
/Users/leilatawfik/Desktop/FALL 2025/ENGG680_ML_Project/Merged_Datasets/open_eye_no_yawn/open_eye/s0001_02336_0_0_1_0_0_01.png,/Users/leilatawfik/Desktop/FALL 2025/ENGG680_ML_Project/Merged_Datasets/open_eye_no_yawn/no_yawn/2972.jpg
/Users/leilatawfik/Desktop/FALL 2025/ENGG680_ML_Project/Merged_Datasets/open_eye_no_yawn/open_eye/s0001_02640_0_1_1_0_0_01.png,/Users/leilatawfik/Desktop/FALL 2025/ENGG680_ML_Project/Merged_Datasets/open_eye_no_yawn/no_yawn/2981.jpg
/Users/leilatawfik/Desktop/FALL 2025/ENGG680_ML_Project/Merged_Datasets/open_eye_no_yawn/open_eye/s0001_02833_0_1_1_0_0_01.png,/Users/leilatawfik/Desktop/FALL 2025/ENGG680_ML_Project/Merged_Datasets/open_eye_no_yawn/no_yawn/3163.jpg
/Users/leilatawfik/Desktop/FALL 2025/ENGG680_ML_Project/Merged_Datasets/open_eye_no_yawn/open_eye/s0001_02714_0_1_1_0_0_01.png,/Users/leilatawfik/Desktop/FALL 2025/ENGG680_ML_Project/Merged_Datasets/open_eye_no_yawn/no_yawn/2979.jpg
/Users/leilatawfik/Desktop/FALL 2025/ENGG680_ML_Project/Merged_Datasets/open_eye_no_yawn/open_eye/s0001_02602_0_1_1_0_0_01.png,/Users/leilatawfik/Desktop/FALL 2025/ENGG680_ML_Project/Merged_Datasets/open_eye_no_yawn/no_yawn/3129.jpg
/Users/leilatawfik/Desktop/FALL 2025/ENGG680_ML_Project/Merged_Datasets/open_eye_no_yawn/open_eye/s0001_02689_0_1_1_0_0_01.png,/Users/leilatawfik/Desktop/FALL 2025/ENGG680_ML_Project/Merged_Datasets/open_eye_no_yawn/no_yawn/2982.jpg
/Users/leilatawfik/Desktop/FALL 2025/ENGG680_ML_Project/Merged_Datasets/open_eye_no_yawn/open_eye/s0001_02935_0_1_1_2_0_01.png,/Users/leilatawfik/Desktop/FALL 2025/ENGG680_ML_Project/Merged_Datasets/open_eye_no_yawn/no_yawn/2965.jpg
/Users/leilatawfik/Desktop/FALL 2025/ENGG680_ML_Project/Merged_Datasets/open_eye_no_yawn/open_eye/s0001_02866_0_1_1_0_0_01.png,/Users/leilatawfik/Desktop/FALL 2025/ENGG680_ML_Project/Merged_Datasets/open_eye_no_yawn/no_yawn/3024.jpg
/Users/leilatawfik/Desktop/FALL 2025/ENGG680_ML_Project/Merged_Datasets/open_eye_no_yawn/open_eye/s0001_02594_0_1_1_0_0_01.png,/Users/leilatawfik/Desktop/FALL 2025/ENGG680_ML_Project/Merged_Datasets/open_eye_no_yawn/no_yawn/3146.jpg
/Users/leilatawfik/Desktop/FALL 2025/ENGG680_ML_Project/Merged_Datasets/open_eye_no_yawn/open_eye/s0001_02825_0_1_1_0_0_01.png,/Users/leilatawfik/Desktop/FALL 2025/ENGG680_ML_Project/Merged_Datasets/open_eye_no_yawn/no_yawn/3026.jpg
/Users/leilatawfik/Desktop/FALL 2025/ENGG680_ML_Project/Merged_Datasets/open_eye_no_yawn/open_eye/s0001_02942_0_1_1_2_0_01.png,/Users/leilatawfik/Desktop/FALL 2025/ENGG680_ML_Project/Merged_Datasets/open_eye_no_yawn/no_yawn/3109.jpg
/Users/leilatawfik/Desktop/FALL 2025/ENGG680_ML_Project/Merged_Datasets/open_eye_no_yawn/open_eye/s0001_02850_0_1_1_2_0_01.png,/Users/leilatawfik/Desktop/FALL 2025/ENGG680_ML_Project/Merged_Datasets/open_eye_no_yawn/no_yawn/3118.jpg
/Users/leilatawfik/Desktop/FALL 2025/ENGG680_ML_Project/Merged_Datasets/open_eye_no_yawn/open_eye/s0001_02747_0_1_1_2_0_01.png,/Users/leilatawfik/Desktop/FALL 2025/ENGG680_ML_Project/Merged_Datasets/open_eye_no_yawn/no_yawn/2969.jpg
/Users/leilatawfik/Desktop/FALL 2025/ENGG680_ML_Project/Merged_Datasets/open_eye_no_yawn/open_eye/s0001_02623_0_1_1_0_0_01.png,/Users/leilatawfik/Desktop/FALL 2025/ENGG680_ML_Project/Merged_Datasets/open_eye_no_yawn/no_yawn/3054.jpg
/Users/leilatawfik/Desktop/FALL 2025/ENGG680_ML_Project/Merged_Datasets/open_eye_no_yawn/open_eye/s0001_02600_0_1_1_0_0_01.png,/Users/leilatawfik/Desktop/FALL 2025/ENGG680_ML_Project/Merged_Datasets/open_eye_no_yawn/no_yawn/2980.jpg
/Users/leilatawfik/Desktop/FALL 2025/ENGG680_ML_Project/Merged_Datasets/open_eye_no_yawn/open_eye/s0001_02371_0_0_1_0_0_01.png,/Users/leilatawfik/Desktop/FALL 2025/ENGG680_ML_Project/Merged_Datasets/open_eye_no_yawn/no_yawn/3025.jpg
/Users/leilatawfik/Desktop/FALL 2025/ENGG680_ML_Project/Merged_Datasets/open_eye_no_yawn/open_eye/s0001_02342_0_0_1_0_0_01.png,/Users/leilatawfik/Desktop/FALL 2025/ENGG680_ML_Project/Merged_Datasets/open_eye_no_yawn/no_yawn/3031.jpg
/Users/leilatawfik/Desktop/FALL 2025/ENGG680_ML_Project/Merged_Datasets/open_eye_no_yawn/open_eye/s0001_02343_0_0_1_0_0_01.png,/Users/leilatawfik/Desktop/FALL 2025/ENGG680_ML_Project/Merged_Datasets/open_eye_no_yawn/no_yawn/2994.jpg
/Users/leilatawfik/Desktop/FALL 2025/ENGG680_ML_Project/Merged_Datasets/open_eye_no_yawn/open_eye/s0001_02692_0_1_1_2_0_01.png,/Users/leilatawfik/Desktop/FALL 2025/ENGG680_ML_Project/Merged_Datasets/open_eye_no_yawn/no_yawn/3083.jpg
/Users/leilatawfik/Desktop/FALL 2025/ENGG680_ML_Project/Merged_Datasets/open_eye_no_yawn/open_eye/s0001_02837_0_1_1_0_0_01.png,/Users/leilatawfik/Desktop/FALL 2025/ENGG680_ML_Project/Merged_Datasets/open_eye_no_yawn/no_yawn/3100.jpg
/Users/leilatawfik/Desktop/FALL 2025/ENGG680_ML_Project/Merged_Datasets/open_eye_no_yawn/open_eye/s0001_02370_0_0_1_0_0_01.png,/Users/leilatawfik/Desktop/FALL 2025/ENGG680_ML_Project/Merged_Datasets/open_eye_no_yawn/no_yawn/3080.jpg
/Users/leilatawfik/Desktop/FALL 2025/ENGG680_ML_Project/Merged_Datasets/open_eye_no_yawn/open_eye/s0001_02800_0_1_1_0_0_01.png,/Users/leilatawfik/Desktop/FALL 2025/ENGG680_ML_Project/Merged_Datasets/open_eye_no_yawn/no_yawn/3063.jpg
/Users/leilatawfik/Desktop/FALL 2025/ENGG680_ML_Project/Merged_Datasets/open_eye_no_yawn/open_eye/s0001_02874_0_1_1_0_1_01.png,/Users/leilatawfik/Desktop/FALL 2025/ENGG680_ML_Project/Merged_Datasets/open_eye_no_yawn/no_yawn/3134.jpg
/Users/leilatawfik/Desktop/FALL 2025/ENGG680_ML_Project/Merged_Datasets/open_eye_no_yawn/open_eye/s0001_02376_0_0_1_0_0_01.png,/Users/leilatawfik/Desktop/FALL 2025/ENGG680_ML_Project/Merged_Datasets/open_eye_no_yawn/no_yawn/3139.jpg
/Users/leilatawfik/Desktop/FALL 2025/ENGG680_ML_Project/Merged_Datasets/open_eye_no_yawn/open_eye/s0001_02931_0_1_1_2_0_01.png,/Users/leilatawfik/Desktop/FALL 2025/ENGG680_ML_Project/Merged_Datasets/open_eye_no_yawn/no_yawn/3070.jpg
/Users/leilatawfik/Desktop/FALL 2025/ENGG680_ML_Project/Merged_Datasets/open_eye_no_yawn/open_eye/s0001_02385_0_0_1_0_0_01.png,/Users/leilatawfik/Desktop/FALL 2025/ENGG680_ML_Project/Merged_Datasets/open_eye_no_yawn/no_yawn/3047.jpg
/Users/leilatawfik/Desktop/FALL 2025/ENGG680_ML_Project/Merged_Datasets/open_eye_no_yawn/open_eye/s0001_02603_0_1_1_0_0_01.png,/Users/leilatawfik/Desktop/FALL 2025/ENGG680_ML_Project/Merged_Datasets/open_eye_no_yawn/no_yawn/3150.jpg
/Users/leilatawfik/Desktop/FALL 2025/ENGG680_ML_Project/Merged_Datasets/open_eye_no_yawn/open_eye/s0001_02629_0_1_1_2_0_01.png,/Users/leilatawfik/Desktop/FALL 2025/ENGG680_ML_Project/Merged_Datasets/open_eye_no_yawn/no_yawn/3019.jpg
/Users/leilatawfik/Desktop/FALL 2025/ENGG680_ML_Project/Merged_Datasets/open_eye_no_yawn/open_eye/s0001_02639_0_1_1_2_0_01.png,/Users/leilatawfik/Desktop/FALL 2025/ENGG680_ML_Project/Merged_Datasets/open_eye_no_yawn/no_yawn/3144.jpg
/Users/leilatawfik/Desktop/FALL 2025/ENGG680_ML_Project/Merged_Datasets/open_eye_no_yawn/open_eye/s0001_02932_0_1_1_1_0_01.png,/Users/leilatawfik/Desktop/FALL 2025/ENGG680_ML_Project/Merged_Datasets/open_eye_no_yawn/no_yawn/3154.jpg
/Users/leilatawfik/Desktop/FALL 2025/ENGG680_ML_Project/Merged_Datasets/open_eye_no_yawn/open_eye/s0001_02341_0_0_1_0_0_01.png,/Users/leilatawfik/Desktop/FALL 2025/ENGG680_ML_Project/Merged_Datasets/open_eye_no_yawn/no_yawn/3161.jpg
/Users/leilatawfik/Desktop/FALL 2025/ENGG680_ML_Project/Merged_Datasets/open_eye_no_yawn/open_eye/s0001_02378_0_0_1_0_0_01.png,/Users/leilatawfik/Desktop/FALL 2025/ENGG680_ML_Project/Merged_Datasets/open_eye_no_yawn/no_yawn/3106.jpg
/Users/leilatawfik/Desktop/FALL 2025/ENGG680_ML_Project/Merged_Datasets/open_eye_no_yawn/open_eye/s0001_02863_0_1_1_1_1_01.png,/Users/leilatawfik/Desktop/FALL 2025/ENGG680_ML_Project/Merged_Datasets/open_eye_no_yawn/no_yawn/3022.jpg
