images_closed_eye_path,images_yawn_path
C:\Users\saumy\Desktop\ENGG680_ML_Project\Merged_Datasets\closed_eye_yawn\closed_eye\s0001_01572_0_1_0_0_0_01.png,C:\Users\saumy\Desktop\ENGG680_ML_Project\Merged_Datasets\closed_eye_yawn\yawn\171.jpg
C:\Users\saumy\Desktop\ENGG680_ML_Project\Merged_Datasets\closed_eye_yawn\closed_eye\s0002_00823_0_0_0_0_0_01.png,C:\Users\saumy\Desktop\ENGG680_ML_Project\Merged_Datasets\closed_eye_yawn\yawn\189.jpg
C:\Users\saumy\Desktop\ENGG680_ML_Project\Merged_Datasets\closed_eye_yawn\closed_eye\s0001_01609_0_1_0_0_0_01.png,C:\Users\saumy\Desktop\ENGG680_ML_Project\Merged_Datasets\closed_eye_yawn\yawn\50.jpg
C:\Users\saumy\Desktop\ENGG680_ML_Project\Merged_Datasets\closed_eye_yawn\closed_eye\s0002_00829_0_0_0_0_0_01.png,C:\Users\saumy\Desktop\ENGG680_ML_Project\Merged_Datasets\closed_eye_yawn\yawn\60.jpg
C:\Users\saumy\Desktop\ENGG680_ML_Project\Merged_Datasets\closed_eye_yawn\closed_eye\s0001_01620_0_1_0_0_0_01.png,C:\Users\saumy\Desktop\ENGG680_ML_Project\Merged_Datasets\closed_eye_yawn\yawn\26.jpg
C:\Users\saumy\Desktop\ENGG680_ML_Project\Merged_Datasets\closed_eye_yawn\closed_eye\s0001_01632_0_1_0_0_0_01.png,C:\Users\saumy\Desktop\ENGG680_ML_Project\Merged_Datasets\closed_eye_yawn\yawn\187.jpg
C:\Users\saumy\Desktop\ENGG680_ML_Project\Merged_Datasets\closed_eye_yawn\closed_eye\s0001_01512_0_1_0_0_0_01.png,C:\Users\saumy\Desktop\ENGG680_ML_Project\Merged_Datasets\closed_eye_yawn\yawn\62.jpg
C:\Users\saumy\Desktop\ENGG680_ML_Project\Merged_Datasets\closed_eye_yawn\closed_eye\s0001_01489_0_1_0_0_0_01.png,C:\Users\saumy\Desktop\ENGG680_ML_Project\Merged_Datasets\closed_eye_yawn\yawn\51.jpg
C:\Users\saumy\Desktop\ENGG680_ML_Project\Merged_Datasets\closed_eye_yawn\closed_eye\s0001_01570_0_1_0_0_0_01.png,C:\Users\saumy\Desktop\ENGG680_ML_Project\Merged_Datasets\closed_eye_yawn\yawn\32.jpg
C:\Users\saumy\Desktop\ENGG680_ML_Project\Merged_Datasets\closed_eye_yawn\closed_eye\s0001_01549_0_1_0_0_0_01.png,C:\Users\saumy\Desktop\ENGG680_ML_Project\Merged_Datasets\closed_eye_yawn\yawn\168.jpg
C:\Users\saumy\Desktop\ENGG680_ML_Project\Merged_Datasets\closed_eye_yawn\closed_eye\s0001_01648_0_1_0_0_0_01.png,C:\Users\saumy\Desktop\ENGG680_ML_Project\Merged_Datasets\closed_eye_yawn\yawn\196.jpg
C:\Users\saumy\Desktop\ENGG680_ML_Project\Merged_Datasets\closed_eye_yawn\closed_eye\s0001_01700_0_1_0_0_0_01.png,C:\Users\saumy\Desktop\ENGG680_ML_Project\Merged_Datasets\closed_eye_yawn\yawn\210.jpg
C:\Users\saumy\Desktop\ENGG680_ML_Project\Merged_Datasets\closed_eye_yawn\closed_eye\s0001_01639_0_1_0_0_0_01.png,C:\Users\saumy\Desktop\ENGG680_ML_Project\Merged_Datasets\closed_eye_yawn\yawn\135.jpg
C:\Users\saumy\Desktop\ENGG680_ML_Project\Merged_Datasets\closed_eye_yawn\closed_eye\s0001_01582_0_1_0_0_0_01.png,C:\Users\saumy\Desktop\ENGG680_ML_Project\Merged_Datasets\closed_eye_yawn\yawn\182.jpg
C:\Users\saumy\Desktop\ENGG680_ML_Project\Merged_Datasets\closed_eye_yawn\closed_eye\s0001_01688_0_1_0_0_0_01.png,C:\Users\saumy\Desktop\ENGG680_ML_Project\Merged_Datasets\closed_eye_yawn\yawn\119.jpg
C:\Users\saumy\Desktop\ENGG680_ML_Project\Merged_Datasets\closed_eye_yawn\closed_eye\s0001_01697_0_1_0_0_0_01.png,C:\Users\saumy\Desktop\ENGG680_ML_Project\Merged_Datasets\closed_eye_yawn\yawn\101.jpg
C:\Users\saumy\Desktop\ENGG680_ML_Project\Merged_Datasets\closed_eye_yawn\closed_eye\s0001_01550_0_1_0_0_0_01.png,C:\Users\saumy\Desktop\ENGG680_ML_Project\Merged_Datasets\closed_eye_yawn\yawn\14.jpg
C:\Users\saumy\Desktop\ENGG680_ML_Project\Merged_Datasets\closed_eye_yawn\closed_eye\s0001_01641_0_1_0_0_0_01.png,C:\Users\saumy\Desktop\ENGG680_ML_Project\Merged_Datasets\closed_eye_yawn\yawn\61.jpg
C:\Users\saumy\Desktop\ENGG680_ML_Project\Merged_Datasets\closed_eye_yawn\closed_eye\s0001_01529_0_1_0_0_0_01.png,C:\Users\saumy\Desktop\ENGG680_ML_Project\Merged_Datasets\closed_eye_yawn\yawn\194.jpg
C:\Users\saumy\Desktop\ENGG680_ML_Project\Merged_Datasets\closed_eye_yawn\closed_eye\s0001_01490_0_1_0_0_0_01.png,C:\Users\saumy\Desktop\ENGG680_ML_Project\Merged_Datasets\closed_eye_yawn\yawn\149.jpg
C:\Users\saumy\Desktop\ENGG680_ML_Project\Merged_Datasets\closed_eye_yawn\closed_eye\s0001_01689_0_1_0_0_0_01.png,C:\Users\saumy\Desktop\ENGG680_ML_Project\Merged_Datasets\closed_eye_yawn\yawn\33.jpg
C:\Users\saumy\Desktop\ENGG680_ML_Project\Merged_Datasets\closed_eye_yawn\closed_eye\s0001_01514_0_1_0_0_0_01.png,C:\Users\saumy\Desktop\ENGG680_ML_Project\Merged_Datasets\closed_eye_yawn\yawn\65.jpg
C:\Users\saumy\Desktop\ENGG680_ML_Project\Merged_Datasets\closed_eye_yawn\closed_eye\s0001_01547_0_1_0_0_0_01.png,C:\Users\saumy\Desktop\ENGG680_ML_Project\Merged_Datasets\closed_eye_yawn\yawn\111.jpg
C:\Users\saumy\Desktop\ENGG680_ML_Project\Merged_Datasets\closed_eye_yawn\closed_eye\s0001_01637_0_1_0_0_0_01.png,C:\Users\saumy\Desktop\ENGG680_ML_Project\Merged_Datasets\closed_eye_yawn\yawn\172.jpg
C:\Users\saumy\Desktop\ENGG680_ML_Project\Merged_Datasets\closed_eye_yawn\closed_eye\s0002_00822_0_0_0_0_0_01.png,C:\Users\saumy\Desktop\ENGG680_ML_Project\Merged_Datasets\closed_eye_yawn\yawn\107.jpg
C:\Users\saumy\Desktop\ENGG680_ML_Project\Merged_Datasets\closed_eye_yawn\closed_eye\s0001_01692_0_1_0_0_0_01.png,C:\Users\saumy\Desktop\ENGG680_ML_Project\Merged_Datasets\closed_eye_yawn\yawn\163.jpg
C:\Users\saumy\Desktop\ENGG680_ML_Project\Merged_Datasets\closed_eye_yawn\closed_eye\s0001_01552_0_1_0_0_0_01.png,C:\Users\saumy\Desktop\ENGG680_ML_Project\Merged_Datasets\closed_eye_yawn\yawn\91.jpg
C:\Users\saumy\Desktop\ENGG680_ML_Project\Merged_Datasets\closed_eye_yawn\closed_eye\s0001_01619_0_1_0_0_0_01.png,C:\Users\saumy\Desktop\ENGG680_ML_Project\Merged_Datasets\closed_eye_yawn\yawn\100.jpg
C:\Users\saumy\Desktop\ENGG680_ML_Project\Merged_Datasets\closed_eye_yawn\closed_eye\s0001_01492_0_1_0_0_0_01.png,C:\Users\saumy\Desktop\ENGG680_ML_Project\Merged_Datasets\closed_eye_yawn\yawn\125.jpg
C:\Users\saumy\Desktop\ENGG680_ML_Project\Merged_Datasets\closed_eye_yawn\closed_eye\s0002_00830_0_0_0_0_0_01.png,C:\Users\saumy\Desktop\ENGG680_ML_Project\Merged_Datasets\closed_eye_yawn\yawn\83.jpg
C:\Users\saumy\Desktop\ENGG680_ML_Project\Merged_Datasets\closed_eye_yawn\closed_eye\s0001_01536_0_1_0_0_0_01.png,C:\Users\saumy\Desktop\ENGG680_ML_Project\Merged_Datasets\closed_eye_yawn\yawn\177.jpg
C:\Users\saumy\Desktop\ENGG680_ML_Project\Merged_Datasets\closed_eye_yawn\closed_eye\s0001_01633_0_1_0_0_0_01.png,C:\Users\saumy\Desktop\ENGG680_ML_Project\Merged_Datasets\closed_eye_yawn\yawn\23.jpg
C:\Users\saumy\Desktop\ENGG680_ML_Project\Merged_Datasets\closed_eye_yawn\closed_eye\s0001_01511_0_1_0_0_0_01.png,C:\Users\saumy\Desktop\ENGG680_ML_Project\Merged_Datasets\closed_eye_yawn\yawn\146.jpg
C:\Users\saumy\Desktop\ENGG680_ML_Project\Merged_Datasets\closed_eye_yawn\closed_eye\s0001_01535_0_1_0_0_0_01.png,C:\Users\saumy\Desktop\ENGG680_ML_Project\Merged_Datasets\closed_eye_yawn\yawn\129.jpg
C:\Users\saumy\Desktop\ENGG680_ML_Project\Merged_Datasets\closed_eye_yawn\closed_eye\s0001_01667_0_1_0_0_1_01.png,C:\Users\saumy\Desktop\ENGG680_ML_Project\Merged_Datasets\closed_eye_yawn\yawn\150.jpg
C:\Users\saumy\Desktop\ENGG680_ML_Project\Merged_Datasets\closed_eye_yawn\closed_eye\s0001_01575_0_1_0_0_0_01.png,C:\Users\saumy\Desktop\ENGG680_ML_Project\Merged_Datasets\closed_eye_yawn\yawn\131.jpg
C:\Users\saumy\Desktop\ENGG680_ML_Project\Merged_Datasets\closed_eye_yawn\closed_eye\s0001_01567_0_1_0_0_0_01.png,C:\Users\saumy\Desktop\ENGG680_ML_Project\Merged_Datasets\closed_eye_yawn\yawn\143.jpg
C:\Users\saumy\Desktop\ENGG680_ML_Project\Merged_Datasets\closed_eye_yawn\closed_eye\s0002_00831_0_0_0_0_0_01.png,C:\Users\saumy\Desktop\ENGG680_ML_Project\Merged_Datasets\closed_eye_yawn\yawn\175.jpg
C:\Users\saumy\Desktop\ENGG680_ML_Project\Merged_Datasets\closed_eye_yawn\closed_eye\s0001_01531_0_1_0_0_0_01.png,C:\Users\saumy\Desktop\ENGG680_ML_Project\Merged_Datasets\closed_eye_yawn\yawn\154.jpg
C:\Users\saumy\Desktop\ENGG680_ML_Project\Merged_Datasets\closed_eye_yawn\closed_eye\s0001_01702_0_1_0_0_0_01.png,C:\Users\saumy\Desktop\ENGG680_ML_Project\Merged_Datasets\closed_eye_yawn\yawn\136.jpg
C:\Users\saumy\Desktop\ENGG680_ML_Project\Merged_Datasets\closed_eye_yawn\closed_eye\s0001_01701_0_1_0_0_0_01.png,C:\Users\saumy\Desktop\ENGG680_ML_Project\Merged_Datasets\closed_eye_yawn\yawn\140.jpg
C:\Users\saumy\Desktop\ENGG680_ML_Project\Merged_Datasets\closed_eye_yawn\closed_eye\s0001_01566_0_1_0_0_0_01.png,C:\Users\saumy\Desktop\ENGG680_ML_Project\Merged_Datasets\closed_eye_yawn\yawn\90.jpg
C:\Users\saumy\Desktop\ENGG680_ML_Project\Merged_Datasets\closed_eye_yawn\closed_eye\s0001_01497_0_1_0_0_0_01.png,C:\Users\saumy\Desktop\ENGG680_ML_Project\Merged_Datasets\closed_eye_yawn\yawn\102.jpg
C:\Users\saumy\Desktop\ENGG680_ML_Project\Merged_Datasets\closed_eye_yawn\closed_eye\s0001_01657_0_1_0_0_1_01.png,C:\Users\saumy\Desktop\ENGG680_ML_Project\Merged_Datasets\closed_eye_yawn\yawn\89.jpg
C:\Users\saumy\Desktop\ENGG680_ML_Project\Merged_Datasets\closed_eye_yawn\closed_eye\s0001_01690_0_1_0_0_0_01.png,C:\Users\saumy\Desktop\ENGG680_ML_Project\Merged_Datasets\closed_eye_yawn\yawn\126.jpg
C:\Users\saumy\Desktop\ENGG680_ML_Project\Merged_Datasets\closed_eye_yawn\closed_eye\s0001_01557_0_1_0_0_0_01.png,C:\Users\saumy\Desktop\ENGG680_ML_Project\Merged_Datasets\closed_eye_yawn\yawn\54.jpg
C:\Users\saumy\Desktop\ENGG680_ML_Project\Merged_Datasets\closed_eye_yawn\closed_eye\s0001_01636_0_1_0_0_0_01.png,C:\Users\saumy\Desktop\ENGG680_ML_Project\Merged_Datasets\closed_eye_yawn\yawn\138.jpg
C:\Users\saumy\Desktop\ENGG680_ML_Project\Merged_Datasets\closed_eye_yawn\closed_eye\s0001_01615_0_1_0_0_0_01.png,C:\Users\saumy\Desktop\ENGG680_ML_Project\Merged_Datasets\closed_eye_yawn\yawn\192.jpg
C:\Users\saumy\Desktop\ENGG680_ML_Project\Merged_Datasets\closed_eye_yawn\closed_eye\s0001_01579_0_1_0_0_0_01.png,C:\Users\saumy\Desktop\ENGG680_ML_Project\Merged_Datasets\closed_eye_yawn\yawn\87.jpg
C:\Users\saumy\Desktop\ENGG680_ML_Project\Merged_Datasets\closed_eye_yawn\closed_eye\s0001_01623_0_1_0_0_0_01.png,C:\Users\saumy\Desktop\ENGG680_ML_Project\Merged_Datasets\closed_eye_yawn\yawn\40.jpg
C:\Users\saumy\Desktop\ENGG680_ML_Project\Merged_Datasets\closed_eye_yawn\closed_eye\s0001_01614_0_1_0_0_0_01.png,C:\Users\saumy\Desktop\ENGG680_ML_Project\Merged_Datasets\closed_eye_yawn\yawn\24.jpg
C:\Users\saumy\Desktop\ENGG680_ML_Project\Merged_Datasets\closed_eye_yawn\closed_eye\s0001_01602_0_1_0_0_0_01.png,C:\Users\saumy\Desktop\ENGG680_ML_Project\Merged_Datasets\closed_eye_yawn\yawn\161.jpg
C:\Users\saumy\Desktop\ENGG680_ML_Project\Merged_Datasets\closed_eye_yawn\closed_eye\s0001_01611_0_1_0_0_0_01.png,C:\Users\saumy\Desktop\ENGG680_ML_Project\Merged_Datasets\closed_eye_yawn\yawn\97.jpg
C:\Users\saumy\Desktop\ENGG680_ML_Project\Merged_Datasets\closed_eye_yawn\closed_eye\s0001_01658_0_1_0_0_1_01.png,C:\Users\saumy\Desktop\ENGG680_ML_Project\Merged_Datasets\closed_eye_yawn\yawn\141.jpg
C:\Users\saumy\Desktop\ENGG680_ML_Project\Merged_Datasets\closed_eye_yawn\closed_eye\s0001_01548_0_1_0_0_0_01.png,C:\Users\saumy\Desktop\ENGG680_ML_Project\Merged_Datasets\closed_eye_yawn\yawn\173.jpg
C:\Users\saumy\Desktop\ENGG680_ML_Project\Merged_Datasets\closed_eye_yawn\closed_eye\s0001_01487_0_1_0_0_0_01.png,C:\Users\saumy\Desktop\ENGG680_ML_Project\Merged_Datasets\closed_eye_yawn\yawn\41.jpg
C:\Users\saumy\Desktop\ENGG680_ML_Project\Merged_Datasets\closed_eye_yawn\closed_eye\s0001_01691_0_1_0_0_0_01.png,C:\Users\saumy\Desktop\ENGG680_ML_Project\Merged_Datasets\closed_eye_yawn\yawn\8.jpg
C:\Users\saumy\Desktop\ENGG680_ML_Project\Merged_Datasets\closed_eye_yawn\closed_eye\s0002_00828_0_0_0_0_0_01.png,C:\Users\saumy\Desktop\ENGG680_ML_Project\Merged_Datasets\closed_eye_yawn\yawn\170.jpg
C:\Users\saumy\Desktop\ENGG680_ML_Project\Merged_Datasets\closed_eye_yawn\closed_eye\s0001_01515_0_1_0_0_0_01.png,C:\Users\saumy\Desktop\ENGG680_ML_Project\Merged_Datasets\closed_eye_yawn\yawn\195.jpg
C:\Users\saumy\Desktop\ENGG680_ML_Project\Merged_Datasets\closed_eye_yawn\closed_eye\s0001_01587_0_1_0_0_0_01.png,C:\Users\saumy\Desktop\ENGG680_ML_Project\Merged_Datasets\closed_eye_yawn\yawn\193.jpg
C:\Users\saumy\Desktop\ENGG680_ML_Project\Merged_Datasets\closed_eye_yawn\closed_eye\s0001_01610_0_1_0_0_0_01.png,C:\Users\saumy\Desktop\ENGG680_ML_Project\Merged_Datasets\closed_eye_yawn\yawn\183.jpg
C:\Users\saumy\Desktop\ENGG680_ML_Project\Merged_Datasets\closed_eye_yawn\closed_eye\s0001_01537_0_1_0_0_0_01.png,C:\Users\saumy\Desktop\ENGG680_ML_Project\Merged_Datasets\closed_eye_yawn\yawn\139.jpg
C:\Users\saumy\Desktop\ENGG680_ML_Project\Merged_Datasets\closed_eye_yawn\closed_eye\s0001_01686_0_1_0_0_0_01.png,C:\Users\saumy\Desktop\ENGG680_ML_Project\Merged_Datasets\closed_eye_yawn\yawn\123.jpg
C:\Users\saumy\Desktop\ENGG680_ML_Project\Merged_Datasets\closed_eye_yawn\closed_eye\s0001_01706_0_1_0_0_0_01.png,C:\Users\saumy\Desktop\ENGG680_ML_Project\Merged_Datasets\closed_eye_yawn\yawn\167.jpg
C:\Users\saumy\Desktop\ENGG680_ML_Project\Merged_Datasets\closed_eye_yawn\closed_eye\s0001_01646_0_1_0_0_0_01.png,C:\Users\saumy\Desktop\ENGG680_ML_Project\Merged_Datasets\closed_eye_yawn\yawn\78.jpg
C:\Users\saumy\Desktop\ENGG680_ML_Project\Merged_Datasets\closed_eye_yawn\closed_eye\s0001_01584_0_1_0_0_0_01.png,C:\Users\saumy\Desktop\ENGG680_ML_Project\Merged_Datasets\closed_eye_yawn\yawn\128.jpg
C:\Users\saumy\Desktop\ENGG680_ML_Project\Merged_Datasets\closed_eye_yawn\closed_eye\s0001_01625_0_1_0_0_0_01.png,C:\Users\saumy\Desktop\ENGG680_ML_Project\Merged_Datasets\closed_eye_yawn\yawn\76.jpg
C:\Users\saumy\Desktop\ENGG680_ML_Project\Merged_Datasets\closed_eye_yawn\closed_eye\s0001_01518_0_1_0_0_0_01.png,C:\Users\saumy\Desktop\ENGG680_ML_Project\Merged_Datasets\closed_eye_yawn\yawn\20.jpg
C:\Users\saumy\Desktop\ENGG680_ML_Project\Merged_Datasets\closed_eye_yawn\closed_eye\s0001_01513_0_1_0_0_0_01.png,C:\Users\saumy\Desktop\ENGG680_ML_Project\Merged_Datasets\closed_eye_yawn\yawn\86.jpg
C:\Users\saumy\Desktop\ENGG680_ML_Project\Merged_Datasets\closed_eye_yawn\closed_eye\s0001_01707_0_1_0_0_0_01.png,C:\Users\saumy\Desktop\ENGG680_ML_Project\Merged_Datasets\closed_eye_yawn\yawn\216.jpg
C:\Users\saumy\Desktop\ENGG680_ML_Project\Merged_Datasets\closed_eye_yawn\closed_eye\s0001_01659_0_1_0_0_1_01.png,C:\Users\saumy\Desktop\ENGG680_ML_Project\Merged_Datasets\closed_eye_yawn\yawn\64.jpg
C:\Users\saumy\Desktop\ENGG680_ML_Project\Merged_Datasets\closed_eye_yawn\closed_eye\s0001_01709_0_1_0_0_0_01.png,C:\Users\saumy\Desktop\ENGG680_ML_Project\Merged_Datasets\closed_eye_yawn\yawn\120.jpg
C:\Users\saumy\Desktop\ENGG680_ML_Project\Merged_Datasets\closed_eye_yawn\closed_eye\s0001_01571_0_1_0_0_0_01.png,C:\Users\saumy\Desktop\ENGG680_ML_Project\Merged_Datasets\closed_eye_yawn\yawn\108.jpg
C:\Users\saumy\Desktop\ENGG680_ML_Project\Merged_Datasets\closed_eye_yawn\closed_eye\s0001_01591_0_1_0_0_0_01.png,C:\Users\saumy\Desktop\ENGG680_ML_Project\Merged_Datasets\closed_eye_yawn\yawn\160.jpg
C:\Users\saumy\Desktop\ENGG680_ML_Project\Merged_Datasets\closed_eye_yawn\closed_eye\s0001_01695_0_1_0_0_0_01.png,C:\Users\saumy\Desktop\ENGG680_ML_Project\Merged_Datasets\closed_eye_yawn\yawn\176.jpg
C:\Users\saumy\Desktop\ENGG680_ML_Project\Merged_Datasets\closed_eye_yawn\closed_eye\s0001_01551_0_1_0_0_0_01.png,C:\Users\saumy\Desktop\ENGG680_ML_Project\Merged_Datasets\closed_eye_yawn\yawn\117.jpg
C:\Users\saumy\Desktop\ENGG680_ML_Project\Merged_Datasets\closed_eye_yawn\closed_eye\s0001_01613_0_1_0_0_0_01.png,C:\Users\saumy\Desktop\ENGG680_ML_Project\Merged_Datasets\closed_eye_yawn\yawn\162.jpg
C:\Users\saumy\Desktop\ENGG680_ML_Project\Merged_Datasets\closed_eye_yawn\closed_eye\s0001_01585_0_1_0_0_0_01.png,C:\Users\saumy\Desktop\ENGG680_ML_Project\Merged_Datasets\closed_eye_yawn\yawn\16.jpg
C:\Users\saumy\Desktop\ENGG680_ML_Project\Merged_Datasets\closed_eye_yawn\closed_eye\s0001_01559_0_1_0_0_0_01.png,C:\Users\saumy\Desktop\ENGG680_ML_Project\Merged_Datasets\closed_eye_yawn\yawn\206.jpg
C:\Users\saumy\Desktop\ENGG680_ML_Project\Merged_Datasets\closed_eye_yawn\closed_eye\s0002_00832_0_0_0_0_0_01.png,C:\Users\saumy\Desktop\ENGG680_ML_Project\Merged_Datasets\closed_eye_yawn\yawn\18.jpg
C:\Users\saumy\Desktop\ENGG680_ML_Project\Merged_Datasets\closed_eye_yawn\closed_eye\s0001_01592_0_1_0_0_0_01.png,C:\Users\saumy\Desktop\ENGG680_ML_Project\Merged_Datasets\closed_eye_yawn\yawn\214.jpg
C:\Users\saumy\Desktop\ENGG680_ML_Project\Merged_Datasets\closed_eye_yawn\closed_eye\s0001_01628_0_1_0_0_0_01.png,C:\Users\saumy\Desktop\ENGG680_ML_Project\Merged_Datasets\closed_eye_yawn\yawn\42.jpg
C:\Users\saumy\Desktop\ENGG680_ML_Project\Merged_Datasets\closed_eye_yawn\closed_eye\s0001_01618_0_1_0_0_0_01.png,C:\Users\saumy\Desktop\ENGG680_ML_Project\Merged_Datasets\closed_eye_yawn\yawn\137.jpg
C:\Users\saumy\Desktop\ENGG680_ML_Project\Merged_Datasets\closed_eye_yawn\closed_eye\s0001_01644_0_1_0_0_0_01.png,C:\Users\saumy\Desktop\ENGG680_ML_Project\Merged_Datasets\closed_eye_yawn\yawn\38.jpg
C:\Users\saumy\Desktop\ENGG680_ML_Project\Merged_Datasets\closed_eye_yawn\closed_eye\s0001_01655_0_1_0_0_1_01.png,C:\Users\saumy\Desktop\ENGG680_ML_Project\Merged_Datasets\closed_eye_yawn\yawn\27.jpg
C:\Users\saumy\Desktop\ENGG680_ML_Project\Merged_Datasets\closed_eye_yawn\closed_eye\s0001_01532_0_1_0_0_0_01.png,C:\Users\saumy\Desktop\ENGG680_ML_Project\Merged_Datasets\closed_eye_yawn\yawn\169.jpg
C:\Users\saumy\Desktop\ENGG680_ML_Project\Merged_Datasets\closed_eye_yawn\closed_eye\s0001_01517_0_1_0_0_0_01.png,C:\Users\saumy\Desktop\ENGG680_ML_Project\Merged_Datasets\closed_eye_yawn\yawn\43.jpg
C:\Users\saumy\Desktop\ENGG680_ML_Project\Merged_Datasets\closed_eye_yawn\closed_eye\s0001_01652_0_1_0_0_1_01.png,C:\Users\saumy\Desktop\ENGG680_ML_Project\Merged_Datasets\closed_eye_yawn\yawn\211.jpg
C:\Users\saumy\Desktop\ENGG680_ML_Project\Merged_Datasets\closed_eye_yawn\closed_eye\s0001_01634_0_1_0_0_0_01.png,C:\Users\saumy\Desktop\ENGG680_ML_Project\Merged_Datasets\closed_eye_yawn\yawn\134.jpg
C:\Users\saumy\Desktop\ENGG680_ML_Project\Merged_Datasets\closed_eye_yawn\closed_eye\s0001_01705_0_1_0_0_0_01.png,C:\Users\saumy\Desktop\ENGG680_ML_Project\Merged_Datasets\closed_eye_yawn\yawn\48.jpg
C:\Users\saumy\Desktop\ENGG680_ML_Project\Merged_Datasets\closed_eye_yawn\closed_eye\s0001_01569_0_1_0_0_0_01.png,C:\Users\saumy\Desktop\ENGG680_ML_Project\Merged_Datasets\closed_eye_yawn\yawn\25.jpg
C:\Users\saumy\Desktop\ENGG680_ML_Project\Merged_Datasets\closed_eye_yawn\closed_eye\s0001_01590_0_1_0_0_0_01.png,C:\Users\saumy\Desktop\ENGG680_ML_Project\Merged_Datasets\closed_eye_yawn\yawn\217.jpg
C:\Users\saumy\Desktop\ENGG680_ML_Project\Merged_Datasets\closed_eye_yawn\closed_eye\s0001_01662_0_1_0_0_1_01.png,C:\Users\saumy\Desktop\ENGG680_ML_Project\Merged_Datasets\closed_eye_yawn\yawn\186.jpg
C:\Users\saumy\Desktop\ENGG680_ML_Project\Merged_Datasets\closed_eye_yawn\closed_eye\s0001_01608_0_1_0_0_0_01.png,C:\Users\saumy\Desktop\ENGG680_ML_Project\Merged_Datasets\closed_eye_yawn\yawn\88.jpg
C:\Users\saumy\Desktop\ENGG680_ML_Project\Merged_Datasets\closed_eye_yawn\closed_eye\s0001_01685_0_1_0_0_0_01.png,C:\Users\saumy\Desktop\ENGG680_ML_Project\Merged_Datasets\closed_eye_yawn\yawn\29.jpg
C:\Users\saumy\Desktop\ENGG680_ML_Project\Merged_Datasets\closed_eye_yawn\closed_eye\s0001_01578_0_1_0_0_0_01.png,C:\Users\saumy\Desktop\ENGG680_ML_Project\Merged_Datasets\closed_eye_yawn\yawn\188.jpg
C:\Users\saumy\Desktop\ENGG680_ML_Project\Merged_Datasets\closed_eye_yawn\closed_eye\s0001_01526_0_1_0_0_0_01.png,C:\Users\saumy\Desktop\ENGG680_ML_Project\Merged_Datasets\closed_eye_yawn\yawn\184.jpg
C:\Users\saumy\Desktop\ENGG680_ML_Project\Merged_Datasets\closed_eye_yawn\closed_eye\s0002_00820_0_0_0_0_0_01.png,C:\Users\saumy\Desktop\ENGG680_ML_Project\Merged_Datasets\closed_eye_yawn\yawn\58.jpg
C:\Users\saumy\Desktop\ENGG680_ML_Project\Merged_Datasets\closed_eye_yawn\closed_eye\s0001_01622_0_1_0_0_0_01.png,C:\Users\saumy\Desktop\ENGG680_ML_Project\Merged_Datasets\closed_eye_yawn\yawn\133.jpg
C:\Users\saumy\Desktop\ENGG680_ML_Project\Merged_Datasets\closed_eye_yawn\closed_eye\s0001_01556_0_1_0_0_0_01.png,C:\Users\saumy\Desktop\ENGG680_ML_Project\Merged_Datasets\closed_eye_yawn\yawn\66.jpg
C:\Users\saumy\Desktop\ENGG680_ML_Project\Merged_Datasets\closed_eye_yawn\closed_eye\s0001_01704_0_1_0_0_0_01.png,C:\Users\saumy\Desktop\ENGG680_ML_Project\Merged_Datasets\closed_eye_yawn\yawn\56.jpg
C:\Users\saumy\Desktop\ENGG680_ML_Project\Merged_Datasets\closed_eye_yawn\closed_eye\s0001_01491_0_1_0_0_0_01.png,C:\Users\saumy\Desktop\ENGG680_ML_Project\Merged_Datasets\closed_eye_yawn\yawn\35.jpg
C:\Users\saumy\Desktop\ENGG680_ML_Project\Merged_Datasets\closed_eye_yawn\closed_eye\s0001_01528_0_1_0_0_0_01.png,C:\Users\saumy\Desktop\ENGG680_ML_Project\Merged_Datasets\closed_eye_yawn\yawn\1.jpg
C:\Users\saumy\Desktop\ENGG680_ML_Project\Merged_Datasets\closed_eye_yawn\closed_eye\s0001_01714_0_1_0_0_0_01.png,C:\Users\saumy\Desktop\ENGG680_ML_Project\Merged_Datasets\closed_eye_yawn\yawn\34.jpg
C:\Users\saumy\Desktop\ENGG680_ML_Project\Merged_Datasets\closed_eye_yawn\closed_eye\s0001_01607_0_1_0_0_0_01.png,C:\Users\saumy\Desktop\ENGG680_ML_Project\Merged_Datasets\closed_eye_yawn\yawn\204.jpg
C:\Users\saumy\Desktop\ENGG680_ML_Project\Merged_Datasets\closed_eye_yawn\closed_eye\s0001_01606_0_1_0_0_0_01.png,C:\Users\saumy\Desktop\ENGG680_ML_Project\Merged_Datasets\closed_eye_yawn\yawn\105.jpg
C:\Users\saumy\Desktop\ENGG680_ML_Project\Merged_Datasets\closed_eye_yawn\closed_eye\s0001_01642_0_1_0_0_0_01.png,C:\Users\saumy\Desktop\ENGG680_ML_Project\Merged_Datasets\closed_eye_yawn\yawn\94.jpg
C:\Users\saumy\Desktop\ENGG680_ML_Project\Merged_Datasets\closed_eye_yawn\closed_eye\s0001_01635_0_1_0_0_0_01.png,C:\Users\saumy\Desktop\ENGG680_ML_Project\Merged_Datasets\closed_eye_yawn\yawn\57.jpg
C:\Users\saumy\Desktop\ENGG680_ML_Project\Merged_Datasets\closed_eye_yawn\closed_eye\s0002_00834_0_0_0_0_0_01.png,C:\Users\saumy\Desktop\ENGG680_ML_Project\Merged_Datasets\closed_eye_yawn\yawn\157.jpg
C:\Users\saumy\Desktop\ENGG680_ML_Project\Merged_Datasets\closed_eye_yawn\closed_eye\s0001_01645_0_1_0_0_0_01.png,C:\Users\saumy\Desktop\ENGG680_ML_Project\Merged_Datasets\closed_eye_yawn\yawn\52.jpg
C:\Users\saumy\Desktop\ENGG680_ML_Project\Merged_Datasets\closed_eye_yawn\closed_eye\s0001_01708_0_1_0_0_0_01.png,C:\Users\saumy\Desktop\ENGG680_ML_Project\Merged_Datasets\closed_eye_yawn\yawn\148.jpg
C:\Users\saumy\Desktop\ENGG680_ML_Project\Merged_Datasets\closed_eye_yawn\closed_eye\s0001_01630_0_1_0_0_0_01.png,C:\Users\saumy\Desktop\ENGG680_ML_Project\Merged_Datasets\closed_eye_yawn\yawn\118.jpg
C:\Users\saumy\Desktop\ENGG680_ML_Project\Merged_Datasets\closed_eye_yawn\closed_eye\s0001_01533_0_1_0_0_0_01.png,C:\Users\saumy\Desktop\ENGG680_ML_Project\Merged_Datasets\closed_eye_yawn\yawn\82.jpg
C:\Users\saumy\Desktop\ENGG680_ML_Project\Merged_Datasets\closed_eye_yawn\closed_eye\s0001_01553_0_1_0_0_0_01.png,C:\Users\saumy\Desktop\ENGG680_ML_Project\Merged_Datasets\closed_eye_yawn\yawn\96.jpg
C:\Users\saumy\Desktop\ENGG680_ML_Project\Merged_Datasets\closed_eye_yawn\closed_eye\s0001_01699_0_1_0_0_0_01.png,C:\Users\saumy\Desktop\ENGG680_ML_Project\Merged_Datasets\closed_eye_yawn\yawn\191.jpg
C:\Users\saumy\Desktop\ENGG680_ML_Project\Merged_Datasets\closed_eye_yawn\closed_eye\s0001_01650_0_1_0_0_1_01.png,C:\Users\saumy\Desktop\ENGG680_ML_Project\Merged_Datasets\closed_eye_yawn\yawn\109.jpg
C:\Users\saumy\Desktop\ENGG680_ML_Project\Merged_Datasets\closed_eye_yawn\closed_eye\s0001_01663_0_1_0_0_1_01.png,C:\Users\saumy\Desktop\ENGG680_ML_Project\Merged_Datasets\closed_eye_yawn\yawn\72.jpg
C:\Users\saumy\Desktop\ENGG680_ML_Project\Merged_Datasets\closed_eye_yawn\closed_eye\s0001_01643_0_1_0_0_0_01.png,C:\Users\saumy\Desktop\ENGG680_ML_Project\Merged_Datasets\closed_eye_yawn\yawn\200.jpg
C:\Users\saumy\Desktop\ENGG680_ML_Project\Merged_Datasets\closed_eye_yawn\closed_eye\s0001_01638_0_1_0_0_0_01.png,C:\Users\saumy\Desktop\ENGG680_ML_Project\Merged_Datasets\closed_eye_yawn\yawn\164.jpg
C:\Users\saumy\Desktop\ENGG680_ML_Project\Merged_Datasets\closed_eye_yawn\closed_eye\s0001_01520_0_1_0_0_0_01.png,C:\Users\saumy\Desktop\ENGG680_ML_Project\Merged_Datasets\closed_eye_yawn\yawn\178.jpg
C:\Users\saumy\Desktop\ENGG680_ML_Project\Merged_Datasets\closed_eye_yawn\closed_eye\s0001_01588_0_1_0_0_0_01.png,C:\Users\saumy\Desktop\ENGG680_ML_Project\Merged_Datasets\closed_eye_yawn\yawn\104.jpg
C:\Users\saumy\Desktop\ENGG680_ML_Project\Merged_Datasets\closed_eye_yawn\closed_eye\s0001_01583_0_1_0_0_0_01.png,C:\Users\saumy\Desktop\ENGG680_ML_Project\Merged_Datasets\closed_eye_yawn\yawn\11.jpg
C:\Users\saumy\Desktop\ENGG680_ML_Project\Merged_Datasets\closed_eye_yawn\closed_eye\s0001_01496_0_1_0_0_0_01.png,C:\Users\saumy\Desktop\ENGG680_ML_Project\Merged_Datasets\closed_eye_yawn\yawn\165.jpg
C:\Users\saumy\Desktop\ENGG680_ML_Project\Merged_Datasets\closed_eye_yawn\closed_eye\s0001_01589_0_1_0_0_0_01.png,C:\Users\saumy\Desktop\ENGG680_ML_Project\Merged_Datasets\closed_eye_yawn\yawn\202.jpg
C:\Users\saumy\Desktop\ENGG680_ML_Project\Merged_Datasets\closed_eye_yawn\closed_eye\s0001_01694_0_1_0_0_0_01.png,C:\Users\saumy\Desktop\ENGG680_ML_Project\Merged_Datasets\closed_eye_yawn\yawn\47.jpg
C:\Users\saumy\Desktop\ENGG680_ML_Project\Merged_Datasets\closed_eye_yawn\closed_eye\s0001_01629_0_1_0_0_0_01.png,C:\Users\saumy\Desktop\ENGG680_ML_Project\Merged_Datasets\closed_eye_yawn\yawn\39.jpg
C:\Users\saumy\Desktop\ENGG680_ML_Project\Merged_Datasets\closed_eye_yawn\closed_eye\s0001_01596_0_1_0_0_0_01.png,C:\Users\saumy\Desktop\ENGG680_ML_Project\Merged_Datasets\closed_eye_yawn\yawn\73.jpg
C:\Users\saumy\Desktop\ENGG680_ML_Project\Merged_Datasets\closed_eye_yawn\closed_eye\s0001_01574_0_1_0_0_0_01.png,C:\Users\saumy\Desktop\ENGG680_ML_Project\Merged_Datasets\closed_eye_yawn\yawn\116.jpg
C:\Users\saumy\Desktop\ENGG680_ML_Project\Merged_Datasets\closed_eye_yawn\closed_eye\s0001_01558_0_1_0_0_0_01.png,C:\Users\saumy\Desktop\ENGG680_ML_Project\Merged_Datasets\closed_eye_yawn\yawn\36.jpg
C:\Users\saumy\Desktop\ENGG680_ML_Project\Merged_Datasets\closed_eye_yawn\closed_eye\s0001_01597_0_1_0_0_0_01.png,C:\Users\saumy\Desktop\ENGG680_ML_Project\Merged_Datasets\closed_eye_yawn\yawn\212.jpg
C:\Users\saumy\Desktop\ENGG680_ML_Project\Merged_Datasets\closed_eye_yawn\closed_eye\s0001_01601_0_1_0_0_0_01.png,C:\Users\saumy\Desktop\ENGG680_ML_Project\Merged_Datasets\closed_eye_yawn\yawn\6.jpg
C:\Users\saumy\Desktop\ENGG680_ML_Project\Merged_Datasets\closed_eye_yawn\closed_eye\s0001_01546_0_1_0_0_0_01.png,C:\Users\saumy\Desktop\ENGG680_ML_Project\Merged_Datasets\closed_eye_yawn\yawn\142.jpg
C:\Users\saumy\Desktop\ENGG680_ML_Project\Merged_Datasets\closed_eye_yawn\closed_eye\s0001_01600_0_1_0_0_0_01.png,C:\Users\saumy\Desktop\ENGG680_ML_Project\Merged_Datasets\closed_eye_yawn\yawn\55.jpg
C:\Users\saumy\Desktop\ENGG680_ML_Project\Merged_Datasets\closed_eye_yawn\closed_eye\s0001_01626_0_1_0_0_0_01.png,C:\Users\saumy\Desktop\ENGG680_ML_Project\Merged_Datasets\closed_eye_yawn\yawn\132.jpg
C:\Users\saumy\Desktop\ENGG680_ML_Project\Merged_Datasets\closed_eye_yawn\closed_eye\s0002_00835_0_0_0_0_0_01.png,C:\Users\saumy\Desktop\ENGG680_ML_Project\Merged_Datasets\closed_eye_yawn\yawn\207.jpg
C:\Users\saumy\Desktop\ENGG680_ML_Project\Merged_Datasets\closed_eye_yawn\closed_eye\s0001_01687_0_1_0_0_0_01.png,C:\Users\saumy\Desktop\ENGG680_ML_Project\Merged_Datasets\closed_eye_yawn\yawn\5.jpg
C:\Users\saumy\Desktop\ENGG680_ML_Project\Merged_Datasets\closed_eye_yawn\closed_eye\s0001_01524_0_1_0_0_0_01.png,C:\Users\saumy\Desktop\ENGG680_ML_Project\Merged_Datasets\closed_eye_yawn\yawn\145.jpg
C:\Users\saumy\Desktop\ENGG680_ML_Project\Merged_Datasets\closed_eye_yawn\closed_eye\s0001_01710_0_1_0_0_0_01.png,C:\Users\saumy\Desktop\ENGG680_ML_Project\Merged_Datasets\closed_eye_yawn\yawn\81.jpg
C:\Users\saumy\Desktop\ENGG680_ML_Project\Merged_Datasets\closed_eye_yawn\closed_eye\s0001_01660_0_1_0_0_1_01.png,C:\Users\saumy\Desktop\ENGG680_ML_Project\Merged_Datasets\closed_eye_yawn\yawn\124.jpg
C:\Users\saumy\Desktop\ENGG680_ML_Project\Merged_Datasets\closed_eye_yawn\closed_eye\s0001_01580_0_1_0_0_0_01.png,C:\Users\saumy\Desktop\ENGG680_ML_Project\Merged_Datasets\closed_eye_yawn\yawn\79.jpg
C:\Users\saumy\Desktop\ENGG680_ML_Project\Merged_Datasets\closed_eye_yawn\closed_eye\s0001_01564_0_1_0_0_0_01.png,C:\Users\saumy\Desktop\ENGG680_ML_Project\Merged_Datasets\closed_eye_yawn\yawn\198.jpg
C:\Users\saumy\Desktop\ENGG680_ML_Project\Merged_Datasets\closed_eye_yawn\closed_eye\s0001_01666_0_1_0_0_1_01.png,C:\Users\saumy\Desktop\ENGG680_ML_Project\Merged_Datasets\closed_eye_yawn\yawn\67.jpg
C:\Users\saumy\Desktop\ENGG680_ML_Project\Merged_Datasets\closed_eye_yawn\closed_eye\s0001_01516_0_1_0_0_0_01.png,C:\Users\saumy\Desktop\ENGG680_ML_Project\Merged_Datasets\closed_eye_yawn\yawn\122.jpg
C:\Users\saumy\Desktop\ENGG680_ML_Project\Merged_Datasets\closed_eye_yawn\closed_eye\s0001_01554_0_1_0_0_0_01.png,C:\Users\saumy\Desktop\ENGG680_ML_Project\Merged_Datasets\closed_eye_yawn\yawn\110.jpg
C:\Users\saumy\Desktop\ENGG680_ML_Project\Merged_Datasets\closed_eye_yawn\closed_eye\s0001_01599_0_1_0_0_0_01.png,C:\Users\saumy\Desktop\ENGG680_ML_Project\Merged_Datasets\closed_eye_yawn\yawn\213.jpg
C:\Users\saumy\Desktop\ENGG680_ML_Project\Merged_Datasets\closed_eye_yawn\closed_eye\s0001_01581_0_1_0_0_0_01.png,C:\Users\saumy\Desktop\ENGG680_ML_Project\Merged_Datasets\closed_eye_yawn\yawn\2.jpg
C:\Users\saumy\Desktop\ENGG680_ML_Project\Merged_Datasets\closed_eye_yawn\closed_eye\s0001_01654_0_1_0_0_1_01.png,C:\Users\saumy\Desktop\ENGG680_ML_Project\Merged_Datasets\closed_eye_yawn\yawn\201.jpg
C:\Users\saumy\Desktop\ENGG680_ML_Project\Merged_Datasets\closed_eye_yawn\closed_eye\s0001_01519_0_1_0_0_0_01.png,C:\Users\saumy\Desktop\ENGG680_ML_Project\Merged_Datasets\closed_eye_yawn\yawn\185.jpg
C:\Users\saumy\Desktop\ENGG680_ML_Project\Merged_Datasets\closed_eye_yawn\closed_eye\s0001_01603_0_1_0_0_0_01.png,C:\Users\saumy\Desktop\ENGG680_ML_Project\Merged_Datasets\closed_eye_yawn\yawn\203.jpg
C:\Users\saumy\Desktop\ENGG680_ML_Project\Merged_Datasets\closed_eye_yawn\closed_eye\s0001_01530_0_1_0_0_0_01.png,C:\Users\saumy\Desktop\ENGG680_ML_Project\Merged_Datasets\closed_eye_yawn\yawn\74.jpg
C:\Users\saumy\Desktop\ENGG680_ML_Project\Merged_Datasets\closed_eye_yawn\closed_eye\s0001_01649_0_1_0_0_0_01.png,C:\Users\saumy\Desktop\ENGG680_ML_Project\Merged_Datasets\closed_eye_yawn\yawn\121.jpg
C:\Users\saumy\Desktop\ENGG680_ML_Project\Merged_Datasets\closed_eye_yawn\closed_eye\s0001_01627_0_1_0_0_0_01.png,C:\Users\saumy\Desktop\ENGG680_ML_Project\Merged_Datasets\closed_eye_yawn\yawn\144.jpg
C:\Users\saumy\Desktop\ENGG680_ML_Project\Merged_Datasets\closed_eye_yawn\closed_eye\s0001_01498_0_1_0_0_0_01.png,C:\Users\saumy\Desktop\ENGG680_ML_Project\Merged_Datasets\closed_eye_yawn\yawn\199.jpg
C:\Users\saumy\Desktop\ENGG680_ML_Project\Merged_Datasets\closed_eye_yawn\closed_eye\s0001_01573_0_1_0_0_0_01.png,C:\Users\saumy\Desktop\ENGG680_ML_Project\Merged_Datasets\closed_eye_yawn\yawn\53.jpg
C:\Users\saumy\Desktop\ENGG680_ML_Project\Merged_Datasets\closed_eye_yawn\closed_eye\s0001_01595_0_1_0_0_0_01.png,C:\Users\saumy\Desktop\ENGG680_ML_Project\Merged_Datasets\closed_eye_yawn\yawn\158.jpg
C:\Users\saumy\Desktop\ENGG680_ML_Project\Merged_Datasets\closed_eye_yawn\closed_eye\s0001_01598_0_1_0_0_0_01.png,C:\Users\saumy\Desktop\ENGG680_ML_Project\Merged_Datasets\closed_eye_yawn\yawn\215.jpg
C:\Users\saumy\Desktop\ENGG680_ML_Project\Merged_Datasets\closed_eye_yawn\closed_eye\s0001_01523_0_1_0_0_0_01.png,C:\Users\saumy\Desktop\ENGG680_ML_Project\Merged_Datasets\closed_eye_yawn\yawn\45.jpg
C:\Users\saumy\Desktop\ENGG680_ML_Project\Merged_Datasets\closed_eye_yawn\closed_eye\s0001_01605_0_1_0_0_0_01.png,C:\Users\saumy\Desktop\ENGG680_ML_Project\Merged_Datasets\closed_eye_yawn\yawn\44.jpg
C:\Users\saumy\Desktop\ENGG680_ML_Project\Merged_Datasets\closed_eye_yawn\closed_eye\s0001_01713_0_1_0_0_0_01.png,C:\Users\saumy\Desktop\ENGG680_ML_Project\Merged_Datasets\closed_eye_yawn\yawn\130.jpg
C:\Users\saumy\Desktop\ENGG680_ML_Project\Merged_Datasets\closed_eye_yawn\closed_eye\s0002_00826_0_0_0_0_0_01.png,C:\Users\saumy\Desktop\ENGG680_ML_Project\Merged_Datasets\closed_eye_yawn\yawn\98.jpg
C:\Users\saumy\Desktop\ENGG680_ML_Project\Merged_Datasets\closed_eye_yawn\closed_eye\s0001_01593_0_1_0_0_0_01.png,C:\Users\saumy\Desktop\ENGG680_ML_Project\Merged_Datasets\closed_eye_yawn\yawn\99.jpg
C:\Users\saumy\Desktop\ENGG680_ML_Project\Merged_Datasets\closed_eye_yawn\closed_eye\s0001_01711_0_1_0_0_0_01.png,C:\Users\saumy\Desktop\ENGG680_ML_Project\Merged_Datasets\closed_eye_yawn\yawn\22.jpg
C:\Users\saumy\Desktop\ENGG680_ML_Project\Merged_Datasets\closed_eye_yawn\closed_eye\s0001_01539_0_1_0_0_0_01.png,C:\Users\saumy\Desktop\ENGG680_ML_Project\Merged_Datasets\closed_eye_yawn\yawn\166.jpg
C:\Users\saumy\Desktop\ENGG680_ML_Project\Merged_Datasets\closed_eye_yawn\closed_eye\s0001_01698_0_1_0_0_0_01.png,C:\Users\saumy\Desktop\ENGG680_ML_Project\Merged_Datasets\closed_eye_yawn\yawn\155.jpg
C:\Users\saumy\Desktop\ENGG680_ML_Project\Merged_Datasets\closed_eye_yawn\closed_eye\s0001_01594_0_1_0_0_0_01.png,C:\Users\saumy\Desktop\ENGG680_ML_Project\Merged_Datasets\closed_eye_yawn\yawn\3.jpg
C:\Users\saumy\Desktop\ENGG680_ML_Project\Merged_Datasets\closed_eye_yawn\closed_eye\s0002_00821_0_0_0_0_0_01.png,C:\Users\saumy\Desktop\ENGG680_ML_Project\Merged_Datasets\closed_eye_yawn\yawn\71.jpg
C:\Users\saumy\Desktop\ENGG680_ML_Project\Merged_Datasets\closed_eye_yawn\closed_eye\s0001_01540_0_1_0_0_0_01.png,C:\Users\saumy\Desktop\ENGG680_ML_Project\Merged_Datasets\closed_eye_yawn\yawn\179.jpg
C:\Users\saumy\Desktop\ENGG680_ML_Project\Merged_Datasets\closed_eye_yawn\closed_eye\s0001_01488_0_1_0_0_0_01.png,C:\Users\saumy\Desktop\ENGG680_ML_Project\Merged_Datasets\closed_eye_yawn\yawn\106.jpg
C:\Users\saumy\Desktop\ENGG680_ML_Project\Merged_Datasets\closed_eye_yawn\closed_eye\s0001_01577_0_1_0_0_0_01.png,C:\Users\saumy\Desktop\ENGG680_ML_Project\Merged_Datasets\closed_eye_yawn\yawn\114.jpg
C:\Users\saumy\Desktop\ENGG680_ML_Project\Merged_Datasets\closed_eye_yawn\closed_eye\s0001_01664_0_1_0_0_1_01.png,C:\Users\saumy\Desktop\ENGG680_ML_Project\Merged_Datasets\closed_eye_yawn\yawn\95.jpg
C:\Users\saumy\Desktop\ENGG680_ML_Project\Merged_Datasets\closed_eye_yawn\closed_eye\s0001_01624_0_1_0_0_0_01.png,C:\Users\saumy\Desktop\ENGG680_ML_Project\Merged_Datasets\closed_eye_yawn\yawn\112.jpg
C:\Users\saumy\Desktop\ENGG680_ML_Project\Merged_Datasets\closed_eye_yawn\closed_eye\s0001_01562_0_1_0_0_0_01.png,C:\Users\saumy\Desktop\ENGG680_ML_Project\Merged_Datasets\closed_eye_yawn\yawn\59.jpg
C:\Users\saumy\Desktop\ENGG680_ML_Project\Merged_Datasets\closed_eye_yawn\closed_eye\s0001_01616_0_1_0_0_0_01.png,C:\Users\saumy\Desktop\ENGG680_ML_Project\Merged_Datasets\closed_eye_yawn\yawn\115.jpg
C:\Users\saumy\Desktop\ENGG680_ML_Project\Merged_Datasets\closed_eye_yawn\closed_eye\s0002_00827_0_0_0_0_0_01.png,C:\Users\saumy\Desktop\ENGG680_ML_Project\Merged_Datasets\closed_eye_yawn\yawn\10.jpg
C:\Users\saumy\Desktop\ENGG680_ML_Project\Merged_Datasets\closed_eye_yawn\closed_eye\s0001_01696_0_1_0_0_0_01.png,C:\Users\saumy\Desktop\ENGG680_ML_Project\Merged_Datasets\closed_eye_yawn\yawn\151.jpg
C:\Users\saumy\Desktop\ENGG680_ML_Project\Merged_Datasets\closed_eye_yawn\closed_eye\s0001_01555_0_1_0_0_0_01.png,C:\Users\saumy\Desktop\ENGG680_ML_Project\Merged_Datasets\closed_eye_yawn\yawn\77.jpg
C:\Users\saumy\Desktop\ENGG680_ML_Project\Merged_Datasets\closed_eye_yawn\closed_eye\s0001_01656_0_1_0_0_1_01.png,C:\Users\saumy\Desktop\ENGG680_ML_Project\Merged_Datasets\closed_eye_yawn\yawn\153.jpg
C:\Users\saumy\Desktop\ENGG680_ML_Project\Merged_Datasets\closed_eye_yawn\closed_eye\s0002_00833_0_0_0_0_0_01.png,C:\Users\saumy\Desktop\ENGG680_ML_Project\Merged_Datasets\closed_eye_yawn\yawn\4.jpg
C:\Users\saumy\Desktop\ENGG680_ML_Project\Merged_Datasets\closed_eye_yawn\closed_eye\s0001_01684_0_1_0_0_0_01.png,C:\Users\saumy\Desktop\ENGG680_ML_Project\Merged_Datasets\closed_eye_yawn\yawn\49.jpg
C:\Users\saumy\Desktop\ENGG680_ML_Project\Merged_Datasets\closed_eye_yawn\closed_eye\s0001_01640_0_1_0_0_0_01.png,C:\Users\saumy\Desktop\ENGG680_ML_Project\Merged_Datasets\closed_eye_yawn\yawn\103.jpg
C:\Users\saumy\Desktop\ENGG680_ML_Project\Merged_Datasets\closed_eye_yawn\closed_eye\s0001_01565_0_1_0_0_0_01.png,C:\Users\saumy\Desktop\ENGG680_ML_Project\Merged_Datasets\closed_eye_yawn\yawn\180.jpg
C:\Users\saumy\Desktop\ENGG680_ML_Project\Merged_Datasets\closed_eye_yawn\closed_eye\s0001_01560_0_1_0_0_0_01.png,C:\Users\saumy\Desktop\ENGG680_ML_Project\Merged_Datasets\closed_eye_yawn\yawn\113.jpg
C:\Users\saumy\Desktop\ENGG680_ML_Project\Merged_Datasets\closed_eye_yawn\closed_eye\s0001_01522_0_1_0_0_0_01.png,C:\Users\saumy\Desktop\ENGG680_ML_Project\Merged_Datasets\closed_eye_yawn\yawn\152.jpg
C:\Users\saumy\Desktop\ENGG680_ML_Project\Merged_Datasets\closed_eye_yawn\closed_eye\s0001_01494_0_1_0_0_0_01.png,C:\Users\saumy\Desktop\ENGG680_ML_Project\Merged_Datasets\closed_eye_yawn\yawn\159.jpg
C:\Users\saumy\Desktop\ENGG680_ML_Project\Merged_Datasets\closed_eye_yawn\closed_eye\s0001_01495_0_1_0_0_0_01.png,C:\Users\saumy\Desktop\ENGG680_ML_Project\Merged_Datasets\closed_eye_yawn\yawn\127.jpg
C:\Users\saumy\Desktop\ENGG680_ML_Project\Merged_Datasets\closed_eye_yawn\closed_eye\s0001_01617_0_1_0_0_0_01.png,C:\Users\saumy\Desktop\ENGG680_ML_Project\Merged_Datasets\closed_eye_yawn\yawn\209.jpg
C:\Users\saumy\Desktop\ENGG680_ML_Project\Merged_Datasets\closed_eye_yawn\closed_eye\s0001_01665_0_1_0_0_1_01.png,C:\Users\saumy\Desktop\ENGG680_ML_Project\Merged_Datasets\closed_eye_yawn\yawn\31.jpg
C:\Users\saumy\Desktop\ENGG680_ML_Project\Merged_Datasets\closed_eye_yawn\closed_eye\s0001_01521_0_1_0_0_0_01.png,C:\Users\saumy\Desktop\ENGG680_ML_Project\Merged_Datasets\closed_eye_yawn\yawn\205.jpg
C:\Users\saumy\Desktop\ENGG680_ML_Project\Merged_Datasets\closed_eye_yawn\closed_eye\s0001_01651_0_1_0_0_1_01.png,C:\Users\saumy\Desktop\ENGG680_ML_Project\Merged_Datasets\closed_eye_yawn\yawn\19.jpg
C:\Users\saumy\Desktop\ENGG680_ML_Project\Merged_Datasets\closed_eye_yawn\closed_eye\s0001_01703_0_1_0_0_0_01.png,C:\Users\saumy\Desktop\ENGG680_ML_Project\Merged_Datasets\closed_eye_yawn\yawn\63.jpg
C:\Users\saumy\Desktop\ENGG680_ML_Project\Merged_Datasets\closed_eye_yawn\closed_eye\s0001_01525_0_1_0_0_0_01.png,C:\Users\saumy\Desktop\ENGG680_ML_Project\Merged_Datasets\closed_eye_yawn\yawn\7.jpg
C:\Users\saumy\Desktop\ENGG680_ML_Project\Merged_Datasets\closed_eye_yawn\closed_eye\s0002_00824_0_0_0_0_0_01.png,C:\Users\saumy\Desktop\ENGG680_ML_Project\Merged_Datasets\closed_eye_yawn\yawn\197.jpg
C:\Users\saumy\Desktop\ENGG680_ML_Project\Merged_Datasets\closed_eye_yawn\closed_eye\s0001_01534_0_1_0_0_0_01.png,C:\Users\saumy\Desktop\ENGG680_ML_Project\Merged_Datasets\closed_eye_yawn\yawn\174.jpg
C:\Users\saumy\Desktop\ENGG680_ML_Project\Merged_Datasets\closed_eye_yawn\closed_eye\s0001_01563_0_1_0_0_0_01.png,C:\Users\saumy\Desktop\ENGG680_ML_Project\Merged_Datasets\closed_eye_yawn\yawn\80.jpg
C:\Users\saumy\Desktop\ENGG680_ML_Project\Merged_Datasets\closed_eye_yawn\closed_eye\s0001_01568_0_1_0_0_0_01.png,C:\Users\saumy\Desktop\ENGG680_ML_Project\Merged_Datasets\closed_eye_yawn\yawn\147.jpg
C:\Users\saumy\Desktop\ENGG680_ML_Project\Merged_Datasets\closed_eye_yawn\closed_eye\s0001_01576_0_1_0_0_0_01.png,C:\Users\saumy\Desktop\ENGG680_ML_Project\Merged_Datasets\closed_eye_yawn\yawn\75.jpg
C:\Users\saumy\Desktop\ENGG680_ML_Project\Merged_Datasets\closed_eye_yawn\closed_eye\s0002_00825_0_0_0_0_0_01.png,C:\Users\saumy\Desktop\ENGG680_ML_Project\Merged_Datasets\closed_eye_yawn\yawn\85.jpg
C:\Users\saumy\Desktop\ENGG680_ML_Project\Merged_Datasets\closed_eye_yawn\closed_eye\s0001_01493_0_1_0_0_0_01.png,C:\Users\saumy\Desktop\ENGG680_ML_Project\Merged_Datasets\closed_eye_yawn\yawn\92.jpg
C:\Users\saumy\Desktop\ENGG680_ML_Project\Merged_Datasets\closed_eye_yawn\closed_eye\s0001_01527_0_1_0_0_0_01.png,C:\Users\saumy\Desktop\ENGG680_ML_Project\Merged_Datasets\closed_eye_yawn\yawn\37.jpg
C:\Users\saumy\Desktop\ENGG680_ML_Project\Merged_Datasets\closed_eye_yawn\closed_eye\s0001_01693_0_1_0_0_0_01.png,C:\Users\saumy\Desktop\ENGG680_ML_Project\Merged_Datasets\closed_eye_yawn\yawn\15.jpg
