images_open_eye_path,images_yawn_path,label
/Users/leilatawfik/Desktop/FALL 2025/ENGG680_ML_Project/Merged_Datasets/open_eye_yawn/open_eye/s0001_03019_0_1_1_2_0_01.png,/Users/leilatawfik/Desktop/FALL 2025/ENGG680_ML_Project/Merged_Datasets/open_eye_yawn/yawn/299.jpg,1
/Users/leilatawfik/Desktop/FALL 2025/ENGG680_ML_Project/Merged_Datasets/open_eye_yawn/open_eye/s0012_04719_0_0_1_0_0_03.png,/Users/leilatawfik/Desktop/FALL 2025/ENGG680_ML_Project/Merged_Datasets/open_eye_yawn/yawn/319.jpg,1
/Users/leilatawfik/Desktop/FALL 2025/ENGG680_ML_Project/Merged_Datasets/open_eye_yawn/open_eye/s0001_03063_0_1_1_2_0_01.png,/Users/leilatawfik/Desktop/FALL 2025/ENGG680_ML_Project/Merged_Datasets/open_eye_yawn/yawn/378.jpg,1
/Users/leilatawfik/Desktop/FALL 2025/ENGG680_ML_Project/Merged_Datasets/open_eye_yawn/open_eye/s0012_04749_0_0_1_0_1_03.png,/Users/leilatawfik/Desktop/FALL 2025/ENGG680_ML_Project/Merged_Datasets/open_eye_yawn/yawn/389.jpg,1
/Users/leilatawfik/Desktop/FALL 2025/ENGG680_ML_Project/Merged_Datasets/open_eye_yawn/open_eye/s0001_03075_0_1_1_2_0_01.png,/Users/leilatawfik/Desktop/FALL 2025/ENGG680_ML_Project/Merged_Datasets/open_eye_yawn/yawn/354.jpg,1
/Users/leilatawfik/Desktop/FALL 2025/ENGG680_ML_Project/Merged_Datasets/open_eye_yawn/open_eye/s0001_03085_0_1_1_2_0_01.png,/Users/leilatawfik/Desktop/FALL 2025/ENGG680_ML_Project/Merged_Datasets/open_eye_yawn/yawn/317.jpg,1
/Users/leilatawfik/Desktop/FALL 2025/ENGG680_ML_Project/Merged_Datasets/open_eye_yawn/open_eye/s0001_02959_0_1_1_2_0_01.png,/Users/leilatawfik/Desktop/FALL 2025/ENGG680_ML_Project/Merged_Datasets/open_eye_yawn/yawn/391.jpg,1
/Users/leilatawfik/Desktop/FALL 2025/ENGG680_ML_Project/Merged_Datasets/open_eye_yawn/open_eye/s0001_02947_0_1_1_2_0_01.png,/Users/leilatawfik/Desktop/FALL 2025/ENGG680_ML_Project/Merged_Datasets/open_eye_yawn/yawn/379.jpg,1
/Users/leilatawfik/Desktop/FALL 2025/ENGG680_ML_Project/Merged_Datasets/open_eye_yawn/open_eye/s0001_03017_0_1_1_2_0_01.png,/Users/leilatawfik/Desktop/FALL 2025/ENGG680_ML_Project/Merged_Datasets/open_eye_yawn/yawn/359.jpg,1
/Users/leilatawfik/Desktop/FALL 2025/ENGG680_ML_Project/Merged_Datasets/open_eye_yawn/open_eye/s0001_02993_0_1_1_2_0_01.png,/Users/leilatawfik/Desktop/FALL 2025/ENGG680_ML_Project/Merged_Datasets/open_eye_yawn/yawn/296.jpg,1
/Users/leilatawfik/Desktop/FALL 2025/ENGG680_ML_Project/Merged_Datasets/open_eye_yawn/open_eye/s0012_04560_0_0_1_2_1_03.png,/Users/leilatawfik/Desktop/FALL 2025/ENGG680_ML_Project/Merged_Datasets/open_eye_yawn/yawn/326.jpg,1
/Users/leilatawfik/Desktop/FALL 2025/ENGG680_ML_Project/Merged_Datasets/open_eye_yawn/open_eye/s0012_04666_0_0_1_0_1_03.png,/Users/leilatawfik/Desktop/FALL 2025/ENGG680_ML_Project/Merged_Datasets/open_eye_yawn/yawn/342.jpg,1
/Users/leilatawfik/Desktop/FALL 2025/ENGG680_ML_Project/Merged_Datasets/open_eye_yawn/open_eye/s0001_03096_0_1_1_2_0_01.png,/Users/leilatawfik/Desktop/FALL 2025/ENGG680_ML_Project/Merged_Datasets/open_eye_yawn/yawn/257.jpg,1
/Users/leilatawfik/Desktop/FALL 2025/ENGG680_ML_Project/Merged_Datasets/open_eye_yawn/open_eye/s0001_03032_0_1_1_2_0_01.png,/Users/leilatawfik/Desktop/FALL 2025/ENGG680_ML_Project/Merged_Datasets/open_eye_yawn/yawn/312.jpg,1
/Users/leilatawfik/Desktop/FALL 2025/ENGG680_ML_Project/Merged_Datasets/open_eye_yawn/open_eye/s0012_04654_0_0_1_2_1_03.png,/Users/leilatawfik/Desktop/FALL 2025/ENGG680_ML_Project/Merged_Datasets/open_eye_yawn/yawn/240.jpg,1
/Users/leilatawfik/Desktop/FALL 2025/ENGG680_ML_Project/Merged_Datasets/open_eye_yawn/open_eye/s0012_04663_0_0_1_2_1_03.png,/Users/leilatawfik/Desktop/FALL 2025/ENGG680_ML_Project/Merged_Datasets/open_eye_yawn/yawn/221.jpg,1
/Users/leilatawfik/Desktop/FALL 2025/ENGG680_ML_Project/Merged_Datasets/open_eye_yawn/open_eye/s0001_02994_0_1_1_2_0_01.png,/Users/leilatawfik/Desktop/FALL 2025/ENGG680_ML_Project/Merged_Datasets/open_eye_yawn/yawn/262.jpg,1
/Users/leilatawfik/Desktop/FALL 2025/ENGG680_ML_Project/Merged_Datasets/open_eye_yawn/open_eye/s0001_03098_0_1_1_2_0_01.png,/Users/leilatawfik/Desktop/FALL 2025/ENGG680_ML_Project/Merged_Datasets/open_eye_yawn/yawn/390.jpg,1
/Users/leilatawfik/Desktop/FALL 2025/ENGG680_ML_Project/Merged_Datasets/open_eye_yawn/open_eye/s0001_02977_0_1_1_2_0_01.png,/Users/leilatawfik/Desktop/FALL 2025/ENGG680_ML_Project/Merged_Datasets/open_eye_yawn/yawn/324.jpg,1
/Users/leilatawfik/Desktop/FALL 2025/ENGG680_ML_Project/Merged_Datasets/open_eye_yawn/open_eye/s0001_02948_0_1_1_2_0_01.png,/Users/leilatawfik/Desktop/FALL 2025/ENGG680_ML_Project/Merged_Datasets/open_eye_yawn/yawn/272.jpg,1
/Users/leilatawfik/Desktop/FALL 2025/ENGG680_ML_Project/Merged_Datasets/open_eye_yawn/open_eye/s0012_04655_0_0_1_0_1_03.png,/Users/leilatawfik/Desktop/FALL 2025/ENGG680_ML_Project/Merged_Datasets/open_eye_yawn/yawn/360.jpg,1
/Users/leilatawfik/Desktop/FALL 2025/ENGG680_ML_Project/Merged_Datasets/open_eye_yawn/open_eye/s0001_02961_0_1_1_2_0_01.png,/Users/leilatawfik/Desktop/FALL 2025/ENGG680_ML_Project/Merged_Datasets/open_eye_yawn/yawn/394.jpg,1
/Users/leilatawfik/Desktop/FALL 2025/ENGG680_ML_Project/Merged_Datasets/open_eye_yawn/open_eye/s0001_02991_0_1_1_2_0_01.png,/Users/leilatawfik/Desktop/FALL 2025/ENGG680_ML_Project/Merged_Datasets/open_eye_yawn/yawn/232.jpg,1
/Users/leilatawfik/Desktop/FALL 2025/ENGG680_ML_Project/Merged_Datasets/open_eye_yawn/open_eye/s0001_03090_0_1_1_2_0_01.png,/Users/leilatawfik/Desktop/FALL 2025/ENGG680_ML_Project/Merged_Datasets/open_eye_yawn/yawn/300.jpg,1
/Users/leilatawfik/Desktop/FALL 2025/ENGG680_ML_Project/Merged_Datasets/open_eye_yawn/open_eye/s0012_04718_0_0_1_0_1_03.png,/Users/leilatawfik/Desktop/FALL 2025/ENGG680_ML_Project/Merged_Datasets/open_eye_yawn/yawn/227.jpg,1
/Users/leilatawfik/Desktop/FALL 2025/ENGG680_ML_Project/Merged_Datasets/open_eye_yawn/open_eye/s0012_04658_0_0_1_2_1_03.png,/Users/leilatawfik/Desktop/FALL 2025/ENGG680_ML_Project/Merged_Datasets/open_eye_yawn/yawn/288.jpg,1
/Users/leilatawfik/Desktop/FALL 2025/ENGG680_ML_Project/Merged_Datasets/open_eye_yawn/open_eye/s0001_02996_0_1_1_2_0_01.png,/Users/leilatawfik/Desktop/FALL 2025/ENGG680_ML_Project/Merged_Datasets/open_eye_yawn/yawn/420.jpg,1
/Users/leilatawfik/Desktop/FALL 2025/ENGG680_ML_Project/Merged_Datasets/open_eye_yawn/open_eye/s0001_03074_0_1_1_2_0_01.png,/Users/leilatawfik/Desktop/FALL 2025/ENGG680_ML_Project/Merged_Datasets/open_eye_yawn/yawn/220.jpg,1
/Users/leilatawfik/Desktop/FALL 2025/ENGG680_ML_Project/Merged_Datasets/open_eye_yawn/open_eye/s0001_02950_0_1_1_2_0_01.png,/Users/leilatawfik/Desktop/FALL 2025/ENGG680_ML_Project/Merged_Datasets/open_eye_yawn/yawn/246.jpg,1
/Users/leilatawfik/Desktop/FALL 2025/ENGG680_ML_Project/Merged_Datasets/open_eye_yawn/open_eye/s0012_04750_0_0_1_0_0_03.png,/Users/leilatawfik/Desktop/FALL 2025/ENGG680_ML_Project/Merged_Datasets/open_eye_yawn/yawn/412.jpg,1
/Users/leilatawfik/Desktop/FALL 2025/ENGG680_ML_Project/Merged_Datasets/open_eye_yawn/open_eye/s0001_02986_0_1_1_2_0_01.png,/Users/leilatawfik/Desktop/FALL 2025/ENGG680_ML_Project/Merged_Datasets/open_eye_yawn/yawn/307.jpg,1
/Users/leilatawfik/Desktop/FALL 2025/ENGG680_ML_Project/Merged_Datasets/open_eye_yawn/open_eye/s0001_03086_0_1_1_2_0_01.png,/Users/leilatawfik/Desktop/FALL 2025/ENGG680_ML_Project/Merged_Datasets/open_eye_yawn/yawn/351.jpg,1
/Users/leilatawfik/Desktop/FALL 2025/ENGG680_ML_Project/Merged_Datasets/open_eye_yawn/open_eye/s0001_02958_0_1_1_2_0_01.png,/Users/leilatawfik/Desktop/FALL 2025/ENGG680_ML_Project/Merged_Datasets/open_eye_yawn/yawn/269.jpg,1
/Users/leilatawfik/Desktop/FALL 2025/ENGG680_ML_Project/Merged_Datasets/open_eye_yawn/open_eye/s0001_02985_0_1_1_2_0_01.png,/Users/leilatawfik/Desktop/FALL 2025/ENGG680_ML_Project/Merged_Datasets/open_eye_yawn/yawn/251.jpg,1
/Users/leilatawfik/Desktop/FALL 2025/ENGG680_ML_Project/Merged_Datasets/open_eye_yawn/open_eye/s0012_04649_0_0_1_0_1_03.png,/Users/leilatawfik/Desktop/FALL 2025/ENGG680_ML_Project/Merged_Datasets/open_eye_yawn/yawn/275.jpg,1
/Users/leilatawfik/Desktop/FALL 2025/ENGG680_ML_Project/Merged_Datasets/open_eye_yawn/open_eye/s0001_03024_0_1_1_2_0_01.png,/Users/leilatawfik/Desktop/FALL 2025/ENGG680_ML_Project/Merged_Datasets/open_eye_yawn/yawn/253.jpg,1
/Users/leilatawfik/Desktop/FALL 2025/ENGG680_ML_Project/Merged_Datasets/open_eye_yawn/open_eye/s0001_03014_0_1_1_2_0_01.png,/Users/leilatawfik/Desktop/FALL 2025/ENGG680_ML_Project/Merged_Datasets/open_eye_yawn/yawn/266.jpg,1
/Users/leilatawfik/Desktop/FALL 2025/ENGG680_ML_Project/Merged_Datasets/open_eye_yawn/open_eye/s0012_04751_0_0_1_0_1_03.png,/Users/leilatawfik/Desktop/FALL 2025/ENGG680_ML_Project/Merged_Datasets/open_eye_yawn/yawn/303.jpg,1
/Users/leilatawfik/Desktop/FALL 2025/ENGG680_ML_Project/Merged_Datasets/open_eye_yawn/open_eye/s0001_02980_0_1_1_2_0_01.png,/Users/leilatawfik/Desktop/FALL 2025/ENGG680_ML_Project/Merged_Datasets/open_eye_yawn/yawn/279.jpg,1
/Users/leilatawfik/Desktop/FALL 2025/ENGG680_ML_Project/Merged_Datasets/open_eye_yawn/open_eye/s0012_04668_0_0_1_0_1_03.png,/Users/leilatawfik/Desktop/FALL 2025/ENGG680_ML_Project/Merged_Datasets/open_eye_yawn/yawn/258.jpg,1
/Users/leilatawfik/Desktop/FALL 2025/ENGG680_ML_Project/Merged_Datasets/open_eye_yawn/open_eye/s0012_04667_0_0_1_2_1_03.png,/Users/leilatawfik/Desktop/FALL 2025/ENGG680_ML_Project/Merged_Datasets/open_eye_yawn/yawn/263.jpg,1
/Users/leilatawfik/Desktop/FALL 2025/ENGG680_ML_Project/Merged_Datasets/open_eye_yawn/open_eye/s0001_03013_0_1_1_2_0_01.png,/Users/leilatawfik/Desktop/FALL 2025/ENGG680_ML_Project/Merged_Datasets/open_eye_yawn/yawn/419.jpg,1
/Users/leilatawfik/Desktop/FALL 2025/ENGG680_ML_Project/Merged_Datasets/open_eye_yawn/open_eye/s0001_02956_0_1_1_2_0_01.png,/Users/leilatawfik/Desktop/FALL 2025/ENGG680_ML_Project/Merged_Datasets/open_eye_yawn/yawn/222.jpg,1
/Users/leilatawfik/Desktop/FALL 2025/ENGG680_ML_Project/Merged_Datasets/open_eye_yawn/open_eye/s0012_04568_0_0_1_2_1_03.png,/Users/leilatawfik/Desktop/FALL 2025/ENGG680_ML_Project/Merged_Datasets/open_eye_yawn/yawn/418.jpg,1
/Users/leilatawfik/Desktop/FALL 2025/ENGG680_ML_Project/Merged_Datasets/open_eye_yawn/open_eye/s0012_04656_0_0_1_2_1_03.png,/Users/leilatawfik/Desktop/FALL 2025/ENGG680_ML_Project/Merged_Datasets/open_eye_yawn/yawn/247.jpg,1
/Users/leilatawfik/Desktop/FALL 2025/ENGG680_ML_Project/Merged_Datasets/open_eye_yawn/open_eye/s0001_03004_0_1_1_2_0_01.png,/Users/leilatawfik/Desktop/FALL 2025/ENGG680_ML_Project/Merged_Datasets/open_eye_yawn/yawn/382.jpg,1
/Users/leilatawfik/Desktop/FALL 2025/ENGG680_ML_Project/Merged_Datasets/open_eye_yawn/open_eye/s0001_03089_0_1_1_2_0_01.png,/Users/leilatawfik/Desktop/FALL 2025/ENGG680_ML_Project/Merged_Datasets/open_eye_yawn/yawn/260.jpg,1
/Users/leilatawfik/Desktop/FALL 2025/ENGG680_ML_Project/Merged_Datasets/open_eye_yawn/open_eye/s0001_03068_0_1_1_2_0_01.png,/Users/leilatawfik/Desktop/FALL 2025/ENGG680_ML_Project/Merged_Datasets/open_eye_yawn/yawn/322.jpg,1
/Users/leilatawfik/Desktop/FALL 2025/ENGG680_ML_Project/Merged_Datasets/open_eye_yawn/open_eye/s0001_03029_0_1_1_2_0_01.png,/Users/leilatawfik/Desktop/FALL 2025/ENGG680_ML_Project/Merged_Datasets/open_eye_yawn/yawn/415.jpg,1
/Users/leilatawfik/Desktop/FALL 2025/ENGG680_ML_Project/Merged_Datasets/open_eye_yawn/open_eye/s0001_03077_0_1_1_2_0_01.png,/Users/leilatawfik/Desktop/FALL 2025/ENGG680_ML_Project/Merged_Datasets/open_eye_yawn/yawn/368.jpg,1
/Users/leilatawfik/Desktop/FALL 2025/ENGG680_ML_Project/Merged_Datasets/open_eye_yawn/open_eye/s0001_03067_0_1_1_2_0_01.png,/Users/leilatawfik/Desktop/FALL 2025/ENGG680_ML_Project/Merged_Datasets/open_eye_yawn/yawn/352.jpg,1
/Users/leilatawfik/Desktop/FALL 2025/ENGG680_ML_Project/Merged_Datasets/open_eye_yawn/open_eye/s0001_03056_0_1_1_2_0_01.png,/Users/leilatawfik/Desktop/FALL 2025/ENGG680_ML_Project/Merged_Datasets/open_eye_yawn/yawn/286.jpg,1
/Users/leilatawfik/Desktop/FALL 2025/ENGG680_ML_Project/Merged_Datasets/open_eye_yawn/open_eye/s0001_03065_0_1_1_2_0_01.png,/Users/leilatawfik/Desktop/FALL 2025/ENGG680_ML_Project/Merged_Datasets/open_eye_yawn/yawn/425.jpg,1
/Users/leilatawfik/Desktop/FALL 2025/ENGG680_ML_Project/Merged_Datasets/open_eye_yawn/open_eye/s0012_04569_0_0_1_0_1_03.png,/Users/leilatawfik/Desktop/FALL 2025/ENGG680_ML_Project/Merged_Datasets/open_eye_yawn/yawn/264.jpg,1
/Users/leilatawfik/Desktop/FALL 2025/ENGG680_ML_Project/Merged_Datasets/open_eye_yawn/open_eye/s0001_02992_0_1_1_2_0_01.png,/Users/leilatawfik/Desktop/FALL 2025/ENGG680_ML_Project/Merged_Datasets/open_eye_yawn/yawn/301.jpg,1
/Users/leilatawfik/Desktop/FALL 2025/ENGG680_ML_Project/Merged_Datasets/open_eye_yawn/open_eye/s0001_02945_0_1_1_2_0_01.png,/Users/leilatawfik/Desktop/FALL 2025/ENGG680_ML_Project/Merged_Datasets/open_eye_yawn/yawn/369.jpg,1
/Users/leilatawfik/Desktop/FALL 2025/ENGG680_ML_Project/Merged_Datasets/open_eye_yawn/open_eye/s0012_04657_0_0_1_0_1_03.png,/Users/leilatawfik/Desktop/FALL 2025/ENGG680_ML_Project/Merged_Datasets/open_eye_yawn/yawn/408.jpg,1
/Users/leilatawfik/Desktop/FALL 2025/ENGG680_ML_Project/Merged_Datasets/open_eye_yawn/open_eye/s0012_04748_0_0_1_0_0_03.png,/Users/leilatawfik/Desktop/FALL 2025/ENGG680_ML_Project/Merged_Datasets/open_eye_yawn/yawn/298.jpg,1
/Users/leilatawfik/Desktop/FALL 2025/ENGG680_ML_Project/Merged_Datasets/open_eye_yawn/open_eye/s0001_02962_0_1_1_2_0_01.png,/Users/leilatawfik/Desktop/FALL 2025/ENGG680_ML_Project/Merged_Datasets/open_eye_yawn/yawn/325.jpg,1
/Users/leilatawfik/Desktop/FALL 2025/ENGG680_ML_Project/Merged_Datasets/open_eye_yawn/open_eye/s0001_03037_0_1_1_2_0_01.png,/Users/leilatawfik/Desktop/FALL 2025/ENGG680_ML_Project/Merged_Datasets/open_eye_yawn/yawn/323.jpg,1
/Users/leilatawfik/Desktop/FALL 2025/ENGG680_ML_Project/Merged_Datasets/open_eye_yawn/open_eye/s0001_03064_0_1_1_2_0_01.png,/Users/leilatawfik/Desktop/FALL 2025/ENGG680_ML_Project/Merged_Datasets/open_eye_yawn/yawn/313.jpg,1
/Users/leilatawfik/Desktop/FALL 2025/ENGG680_ML_Project/Merged_Datasets/open_eye_yawn/open_eye/s0001_02987_0_1_1_2_0_01.png,/Users/leilatawfik/Desktop/FALL 2025/ENGG680_ML_Project/Merged_Datasets/open_eye_yawn/yawn/261.jpg,1
/Users/leilatawfik/Desktop/FALL 2025/ENGG680_ML_Project/Merged_Datasets/open_eye_yawn/open_eye/s0012_04652_0_0_1_2_1_03.png,/Users/leilatawfik/Desktop/FALL 2025/ENGG680_ML_Project/Merged_Datasets/open_eye_yawn/yawn/244.jpg,1
/Users/leilatawfik/Desktop/FALL 2025/ENGG680_ML_Project/Merged_Datasets/open_eye_yawn/open_eye/s0012_04672_0_0_1_0_1_03.png,/Users/leilatawfik/Desktop/FALL 2025/ENGG680_ML_Project/Merged_Datasets/open_eye_yawn/yawn/295.jpg,1
/Users/leilatawfik/Desktop/FALL 2025/ENGG680_ML_Project/Merged_Datasets/open_eye_yawn/open_eye/s0012_04559_0_0_1_0_1_03.png,/Users/leilatawfik/Desktop/FALL 2025/ENGG680_ML_Project/Merged_Datasets/open_eye_yawn/yawn/406.jpg,1
/Users/leilatawfik/Desktop/FALL 2025/ENGG680_ML_Project/Merged_Datasets/open_eye_yawn/open_eye/s0001_03035_0_1_1_2_0_01.png,/Users/leilatawfik/Desktop/FALL 2025/ENGG680_ML_Project/Merged_Datasets/open_eye_yawn/yawn/249.jpg,1
/Users/leilatawfik/Desktop/FALL 2025/ENGG680_ML_Project/Merged_Datasets/open_eye_yawn/open_eye/s0001_03079_0_1_1_2_0_01.png,/Users/leilatawfik/Desktop/FALL 2025/ENGG680_ML_Project/Merged_Datasets/open_eye_yawn/yawn/404.jpg,1
/Users/leilatawfik/Desktop/FALL 2025/ENGG680_ML_Project/Merged_Datasets/open_eye_yawn/open_eye/s0001_02965_0_1_1_2_0_01.png,/Users/leilatawfik/Desktop/FALL 2025/ENGG680_ML_Project/Merged_Datasets/open_eye_yawn/yawn/332.jpg,1
/Users/leilatawfik/Desktop/FALL 2025/ENGG680_ML_Project/Merged_Datasets/open_eye_yawn/open_eye/s0001_02960_0_1_1_2_0_01.png,/Users/leilatawfik/Desktop/FALL 2025/ENGG680_ML_Project/Merged_Datasets/open_eye_yawn/yawn/414.jpg,1
/Users/leilatawfik/Desktop/FALL 2025/ENGG680_ML_Project/Merged_Datasets/open_eye_yawn/open_eye/s0012_04673_0_0_1_2_1_03.png,/Users/leilatawfik/Desktop/FALL 2025/ENGG680_ML_Project/Merged_Datasets/open_eye_yawn/yawn/348.jpg,1
/Users/leilatawfik/Desktop/FALL 2025/ENGG680_ML_Project/Merged_Datasets/open_eye_yawn/open_eye/s0012_04570_0_0_1_2_1_03.png,/Users/leilatawfik/Desktop/FALL 2025/ENGG680_ML_Project/Merged_Datasets/open_eye_yawn/yawn/393.jpg,1
/Users/leilatawfik/Desktop/FALL 2025/ENGG680_ML_Project/Merged_Datasets/open_eye_yawn/open_eye/s0012_04699_0_0_1_0_0_03.png,/Users/leilatawfik/Desktop/FALL 2025/ENGG680_ML_Project/Merged_Datasets/open_eye_yawn/yawn/241.jpg,1
/Users/leilatawfik/Desktop/FALL 2025/ENGG680_ML_Project/Merged_Datasets/open_eye_yawn/open_eye/s0001_03018_0_1_1_2_0_01.png,/Users/leilatawfik/Desktop/FALL 2025/ENGG680_ML_Project/Merged_Datasets/open_eye_yawn/yawn/228.jpg,1
/Users/leilatawfik/Desktop/FALL 2025/ENGG680_ML_Project/Merged_Datasets/open_eye_yawn/open_eye/s0001_03041_0_1_1_2_0_01.png,/Users/leilatawfik/Desktop/FALL 2025/ENGG680_ML_Project/Merged_Datasets/open_eye_yawn/yawn/285.jpg,1
/Users/leilatawfik/Desktop/FALL 2025/ENGG680_ML_Project/Merged_Datasets/open_eye_yawn/open_eye/s0012_04661_0_0_1_2_1_03.png,/Users/leilatawfik/Desktop/FALL 2025/ENGG680_ML_Project/Merged_Datasets/open_eye_yawn/yawn/304.jpg,1
/Users/leilatawfik/Desktop/FALL 2025/ENGG680_ML_Project/Merged_Datasets/open_eye_yawn/open_eye/s0001_02995_0_1_1_2_0_01.png,/Users/leilatawfik/Desktop/FALL 2025/ENGG680_ML_Project/Merged_Datasets/open_eye_yawn/yawn/238.jpg,1
/Users/leilatawfik/Desktop/FALL 2025/ENGG680_ML_Project/Merged_Datasets/open_eye_yawn/open_eye/s0001_03066_0_1_1_2_0_01.png,/Users/leilatawfik/Desktop/FALL 2025/ENGG680_ML_Project/Merged_Datasets/open_eye_yawn/yawn/287.jpg,1
/Users/leilatawfik/Desktop/FALL 2025/ENGG680_ML_Project/Merged_Datasets/open_eye_yawn/open_eye/s0001_03036_0_1_1_2_0_01.png,/Users/leilatawfik/Desktop/FALL 2025/ENGG680_ML_Project/Merged_Datasets/open_eye_yawn/yawn/284.jpg,1
/Users/leilatawfik/Desktop/FALL 2025/ENGG680_ML_Project/Merged_Datasets/open_eye_yawn/open_eye/s0001_03006_0_1_1_2_0_01.png,/Users/leilatawfik/Desktop/FALL 2025/ENGG680_ML_Project/Merged_Datasets/open_eye_yawn/yawn/339.jpg,1
/Users/leilatawfik/Desktop/FALL 2025/ENGG680_ML_Project/Merged_Datasets/open_eye_yawn/open_eye/s0012_04776_0_0_1_0_0_03.png,/Users/leilatawfik/Desktop/FALL 2025/ENGG680_ML_Project/Merged_Datasets/open_eye_yawn/yawn/310.jpg,1
/Users/leilatawfik/Desktop/FALL 2025/ENGG680_ML_Project/Merged_Datasets/open_eye_yawn/open_eye/s0001_03042_0_1_1_2_0_01.png,/Users/leilatawfik/Desktop/FALL 2025/ENGG680_ML_Project/Merged_Datasets/open_eye_yawn/yawn/346.jpg,1
/Users/leilatawfik/Desktop/FALL 2025/ENGG680_ML_Project/Merged_Datasets/open_eye_yawn/open_eye/s0001_03082_0_1_1_2_0_01.png,/Users/leilatawfik/Desktop/FALL 2025/ENGG680_ML_Project/Merged_Datasets/open_eye_yawn/yawn/370.jpg,1
/Users/leilatawfik/Desktop/FALL 2025/ENGG680_ML_Project/Merged_Datasets/open_eye_yawn/open_eye/s0001_03073_0_1_1_2_0_01.png,/Users/leilatawfik/Desktop/FALL 2025/ENGG680_ML_Project/Merged_Datasets/open_eye_yawn/yawn/259.jpg,1
/Users/leilatawfik/Desktop/FALL 2025/ENGG680_ML_Project/Merged_Datasets/open_eye_yawn/open_eye/s0012_04557_0_0_1_0_1_03.png,/Users/leilatawfik/Desktop/FALL 2025/ENGG680_ML_Project/Merged_Datasets/open_eye_yawn/yawn/365.jpg,1
/Users/leilatawfik/Desktop/FALL 2025/ENGG680_ML_Project/Merged_Datasets/open_eye_yawn/open_eye/s0012_04566_0_0_1_2_1_03.png,/Users/leilatawfik/Desktop/FALL 2025/ENGG680_ML_Project/Merged_Datasets/open_eye_yawn/yawn/355.jpg,1
/Users/leilatawfik/Desktop/FALL 2025/ENGG680_ML_Project/Merged_Datasets/open_eye_yawn/open_eye/s0001_02982_0_1_1_2_0_01.png,/Users/leilatawfik/Desktop/FALL 2025/ENGG680_ML_Project/Merged_Datasets/open_eye_yawn/yawn/297.jpg,1
/Users/leilatawfik/Desktop/FALL 2025/ENGG680_ML_Project/Merged_Datasets/open_eye_yawn/open_eye/s0001_02964_0_1_1_2_0_01.png,/Users/leilatawfik/Desktop/FALL 2025/ENGG680_ML_Project/Merged_Datasets/open_eye_yawn/yawn/371.jpg,1
/Users/leilatawfik/Desktop/FALL 2025/ENGG680_ML_Project/Merged_Datasets/open_eye_yawn/open_eye/s0012_04564_0_0_1_2_1_03.png,/Users/leilatawfik/Desktop/FALL 2025/ENGG680_ML_Project/Merged_Datasets/open_eye_yawn/yawn/343.jpg,1
/Users/leilatawfik/Desktop/FALL 2025/ENGG680_ML_Project/Merged_Datasets/open_eye_yawn/open_eye/s0001_03087_0_1_1_2_0_01.png,/Users/leilatawfik/Desktop/FALL 2025/ENGG680_ML_Project/Merged_Datasets/open_eye_yawn/yawn/256.jpg,1
/Users/leilatawfik/Desktop/FALL 2025/ENGG680_ML_Project/Merged_Datasets/open_eye_yawn/open_eye/s0012_04671_0_0_1_2_1_03.png,/Users/leilatawfik/Desktop/FALL 2025/ENGG680_ML_Project/Merged_Datasets/open_eye_yawn/yawn/375.jpg,1
/Users/leilatawfik/Desktop/FALL 2025/ENGG680_ML_Project/Merged_Datasets/open_eye_yawn/open_eye/s0001_03016_0_1_1_2_0_01.png,/Users/leilatawfik/Desktop/FALL 2025/ENGG680_ML_Project/Merged_Datasets/open_eye_yawn/yawn/353.jpg,1
/Users/leilatawfik/Desktop/FALL 2025/ENGG680_ML_Project/Merged_Datasets/open_eye_yawn/open_eye/s0001_03040_0_1_1_2_0_01.png,/Users/leilatawfik/Desktop/FALL 2025/ENGG680_ML_Project/Merged_Datasets/open_eye_yawn/yawn/349.jpg,1
/Users/leilatawfik/Desktop/FALL 2025/ENGG680_ML_Project/Merged_Datasets/open_eye_yawn/open_eye/s0012_04572_0_0_1_2_1_03.png,/Users/leilatawfik/Desktop/FALL 2025/ENGG680_ML_Project/Merged_Datasets/open_eye_yawn/yawn/316.jpg,1
/Users/leilatawfik/Desktop/FALL 2025/ENGG680_ML_Project/Merged_Datasets/open_eye_yawn/open_eye/s0001_03062_0_1_1_2_0_01.png,/Users/leilatawfik/Desktop/FALL 2025/ENGG680_ML_Project/Merged_Datasets/open_eye_yawn/yawn/416.jpg,1
/Users/leilatawfik/Desktop/FALL 2025/ENGG680_ML_Project/Merged_Datasets/open_eye_yawn/open_eye/s0012_04651_0_0_1_0_1_03.png,/Users/leilatawfik/Desktop/FALL 2025/ENGG680_ML_Project/Merged_Datasets/open_eye_yawn/yawn/356.jpg,1
/Users/leilatawfik/Desktop/FALL 2025/ENGG680_ML_Project/Merged_Datasets/open_eye_yawn/open_eye/s0001_03028_0_1_1_2_0_01.png,/Users/leilatawfik/Desktop/FALL 2025/ENGG680_ML_Project/Merged_Datasets/open_eye_yawn/yawn/318.jpg,1
/Users/leilatawfik/Desktop/FALL 2025/ENGG680_ML_Project/Merged_Datasets/open_eye_yawn/open_eye/s0001_02973_0_1_1_2_0_01.png,/Users/leilatawfik/Desktop/FALL 2025/ENGG680_ML_Project/Merged_Datasets/open_eye_yawn/yawn/314.jpg,1
/Users/leilatawfik/Desktop/FALL 2025/ENGG680_ML_Project/Merged_Datasets/open_eye_yawn/open_eye/s0012_04704_0_0_1_0_0_03.png,/Users/leilatawfik/Desktop/FALL 2025/ENGG680_ML_Project/Merged_Datasets/open_eye_yawn/yawn/386.jpg,1
/Users/leilatawfik/Desktop/FALL 2025/ENGG680_ML_Project/Merged_Datasets/open_eye_yawn/open_eye/s0001_03076_0_1_1_2_0_01.png,/Users/leilatawfik/Desktop/FALL 2025/ENGG680_ML_Project/Merged_Datasets/open_eye_yawn/yawn/255.jpg,1
/Users/leilatawfik/Desktop/FALL 2025/ENGG680_ML_Project/Merged_Datasets/open_eye_yawn/open_eye/s0001_03003_0_1_1_2_0_01.png,/Users/leilatawfik/Desktop/FALL 2025/ENGG680_ML_Project/Merged_Datasets/open_eye_yawn/yawn/395.jpg,1
/Users/leilatawfik/Desktop/FALL 2025/ENGG680_ML_Project/Merged_Datasets/open_eye_yawn/open_eye/s0012_04670_0_0_1_0_1_03.png,/Users/leilatawfik/Desktop/FALL 2025/ENGG680_ML_Project/Merged_Datasets/open_eye_yawn/yawn/384.jpg,1
/Users/leilatawfik/Desktop/FALL 2025/ENGG680_ML_Project/Merged_Datasets/open_eye_yawn/open_eye/s0001_02949_0_1_1_1_0_01.png,/Users/leilatawfik/Desktop/FALL 2025/ENGG680_ML_Project/Merged_Datasets/open_eye_yawn/yawn/362.jpg,1
/Users/leilatawfik/Desktop/FALL 2025/ENGG680_ML_Project/Merged_Datasets/open_eye_yawn/open_eye/s0001_02975_0_1_1_2_0_01.png,/Users/leilatawfik/Desktop/FALL 2025/ENGG680_ML_Project/Merged_Datasets/open_eye_yawn/yawn/218.jpg,1
/Users/leilatawfik/Desktop/FALL 2025/ENGG680_ML_Project/Merged_Datasets/open_eye_yawn/open_eye/s0012_04703_0_0_1_0_0_03.png,/Users/leilatawfik/Desktop/FALL 2025/ENGG680_ML_Project/Merged_Datasets/open_eye_yawn/yawn/361.jpg,1
/Users/leilatawfik/Desktop/FALL 2025/ENGG680_ML_Project/Merged_Datasets/open_eye_yawn/open_eye/s0001_03060_0_1_1_2_0_01.png,/Users/leilatawfik/Desktop/FALL 2025/ENGG680_ML_Project/Merged_Datasets/open_eye_yawn/yawn/337.jpg,1
/Users/leilatawfik/Desktop/FALL 2025/ENGG680_ML_Project/Merged_Datasets/open_eye_yawn/open_eye/s0001_03059_0_1_1_2_0_01.png,/Users/leilatawfik/Desktop/FALL 2025/ENGG680_ML_Project/Merged_Datasets/open_eye_yawn/yawn/225.jpg,1
/Users/leilatawfik/Desktop/FALL 2025/ENGG680_ML_Project/Merged_Datasets/open_eye_yawn/open_eye/s0001_03099_0_1_1_2_0_01.png,/Users/leilatawfik/Desktop/FALL 2025/ENGG680_ML_Project/Merged_Datasets/open_eye_yawn/yawn/422.jpg,1
/Users/leilatawfik/Desktop/FALL 2025/ENGG680_ML_Project/Merged_Datasets/open_eye_yawn/open_eye/s0001_03088_0_1_1_2_0_01.png,/Users/leilatawfik/Desktop/FALL 2025/ENGG680_ML_Project/Merged_Datasets/open_eye_yawn/yawn/385.jpg,1
/Users/leilatawfik/Desktop/FALL 2025/ENGG680_ML_Project/Merged_Datasets/open_eye_yawn/open_eye/s0012_04778_0_0_1_0_0_03.png,/Users/leilatawfik/Desktop/FALL 2025/ENGG680_ML_Project/Merged_Datasets/open_eye_yawn/yawn/281.jpg,1
/Users/leilatawfik/Desktop/FALL 2025/ENGG680_ML_Project/Merged_Datasets/open_eye_yawn/open_eye/s0012_04558_0_0_1_2_1_03.png,/Users/leilatawfik/Desktop/FALL 2025/ENGG680_ML_Project/Merged_Datasets/open_eye_yawn/yawn/380.jpg,1
/Users/leilatawfik/Desktop/FALL 2025/ENGG680_ML_Project/Merged_Datasets/open_eye_yawn/open_eye/s0012_04698_0_0_1_0_1_03.png,/Users/leilatawfik/Desktop/FALL 2025/ENGG680_ML_Project/Merged_Datasets/open_eye_yawn/yawn/271.jpg,1
/Users/leilatawfik/Desktop/FALL 2025/ENGG680_ML_Project/Merged_Datasets/open_eye_yawn/open_eye/s0001_03084_0_1_1_2_0_01.png,/Users/leilatawfik/Desktop/FALL 2025/ENGG680_ML_Project/Merged_Datasets/open_eye_yawn/yawn/239.jpg,1
/Users/leilatawfik/Desktop/FALL 2025/ENGG680_ML_Project/Merged_Datasets/open_eye_yawn/open_eye/s0001_02983_0_1_1_2_0_01.png,/Users/leilatawfik/Desktop/FALL 2025/ENGG680_ML_Project/Merged_Datasets/open_eye_yawn/yawn/411.jpg,1
/Users/leilatawfik/Desktop/FALL 2025/ENGG680_ML_Project/Merged_Datasets/open_eye_yawn/open_eye/s0001_02997_0_1_1_2_0_01.png,/Users/leilatawfik/Desktop/FALL 2025/ENGG680_ML_Project/Merged_Datasets/open_eye_yawn/yawn/424.jpg,1
/Users/leilatawfik/Desktop/FALL 2025/ENGG680_ML_Project/Merged_Datasets/open_eye_yawn/open_eye/s0012_04665_0_0_1_2_1_03.png,/Users/leilatawfik/Desktop/FALL 2025/ENGG680_ML_Project/Merged_Datasets/open_eye_yawn/yawn/321.jpg,1
/Users/leilatawfik/Desktop/FALL 2025/ENGG680_ML_Project/Merged_Datasets/open_eye_yawn/open_eye/s0012_04562_0_0_1_2_1_03.png,/Users/leilatawfik/Desktop/FALL 2025/ENGG680_ML_Project/Merged_Datasets/open_eye_yawn/yawn/229.jpg,1
/Users/leilatawfik/Desktop/FALL 2025/ENGG680_ML_Project/Merged_Datasets/open_eye_yawn/open_eye/s0012_04573_0_0_1_0_1_03.png,/Users/leilatawfik/Desktop/FALL 2025/ENGG680_ML_Project/Merged_Datasets/open_eye_yawn/yawn/400.jpg,1
/Users/leilatawfik/Desktop/FALL 2025/ENGG680_ML_Project/Merged_Datasets/open_eye_yawn/open_eye/s0001_03100_0_1_1_2_0_01.png,/Users/leilatawfik/Desktop/FALL 2025/ENGG680_ML_Project/Merged_Datasets/open_eye_yawn/yawn/333.jpg,1
/Users/leilatawfik/Desktop/FALL 2025/ENGG680_ML_Project/Merged_Datasets/open_eye_yawn/open_eye/s0001_03095_0_1_1_2_0_01.png,/Users/leilatawfik/Desktop/FALL 2025/ENGG680_ML_Project/Merged_Datasets/open_eye_yawn/yawn/289.jpg,1
/Users/leilatawfik/Desktop/FALL 2025/ENGG680_ML_Project/Merged_Datasets/open_eye_yawn/open_eye/s0001_02967_0_1_1_2_0_01.png,/Users/leilatawfik/Desktop/FALL 2025/ENGG680_ML_Project/Merged_Datasets/open_eye_yawn/yawn/308.jpg,1
/Users/leilatawfik/Desktop/FALL 2025/ENGG680_ML_Project/Merged_Datasets/open_eye_yawn/open_eye/s0001_03038_0_1_1_2_0_01.png,/Users/leilatawfik/Desktop/FALL 2025/ENGG680_ML_Project/Merged_Datasets/open_eye_yawn/yawn/224.jpg,1
/Users/leilatawfik/Desktop/FALL 2025/ENGG680_ML_Project/Merged_Datasets/open_eye_yawn/open_eye/s0001_03033_0_1_1_2_0_01.png,/Users/leilatawfik/Desktop/FALL 2025/ENGG680_ML_Project/Merged_Datasets/open_eye_yawn/yawn/230.jpg,1
/Users/leilatawfik/Desktop/FALL 2025/ENGG680_ML_Project/Merged_Datasets/open_eye_yawn/open_eye/s0001_02955_0_1_1_2_0_01.png,/Users/leilatawfik/Desktop/FALL 2025/ENGG680_ML_Project/Merged_Datasets/open_eye_yawn/yawn/292.jpg,1
/Users/leilatawfik/Desktop/FALL 2025/ENGG680_ML_Project/Merged_Datasets/open_eye_yawn/open_eye/s0001_03039_0_1_1_2_0_01.png,/Users/leilatawfik/Desktop/FALL 2025/ENGG680_ML_Project/Merged_Datasets/open_eye_yawn/yawn/335.jpg,1
/Users/leilatawfik/Desktop/FALL 2025/ENGG680_ML_Project/Merged_Datasets/open_eye_yawn/open_eye/s0012_04660_0_0_1_2_1_03.png,/Users/leilatawfik/Desktop/FALL 2025/ENGG680_ML_Project/Merged_Datasets/open_eye_yawn/yawn/374.jpg,1
/Users/leilatawfik/Desktop/FALL 2025/ENGG680_ML_Project/Merged_Datasets/open_eye_yawn/open_eye/s0001_03083_0_1_1_2_0_01.png,/Users/leilatawfik/Desktop/FALL 2025/ENGG680_ML_Project/Merged_Datasets/open_eye_yawn/yawn/366.jpg,1
/Users/leilatawfik/Desktop/FALL 2025/ENGG680_ML_Project/Merged_Datasets/open_eye_yawn/open_eye/s0001_03049_0_1_1_2_0_01.png,/Users/leilatawfik/Desktop/FALL 2025/ENGG680_ML_Project/Merged_Datasets/open_eye_yawn/yawn/401.jpg,1
/Users/leilatawfik/Desktop/FALL 2025/ENGG680_ML_Project/Merged_Datasets/open_eye_yawn/open_eye/s0001_03021_0_1_1_2_0_01.png,/Users/leilatawfik/Desktop/FALL 2025/ENGG680_ML_Project/Merged_Datasets/open_eye_yawn/yawn/237.jpg,1
/Users/leilatawfik/Desktop/FALL 2025/ENGG680_ML_Project/Merged_Datasets/open_eye_yawn/open_eye/s0001_03005_0_1_1_2_0_01.png,/Users/leilatawfik/Desktop/FALL 2025/ENGG680_ML_Project/Merged_Datasets/open_eye_yawn/yawn/363.jpg,1
/Users/leilatawfik/Desktop/FALL 2025/ENGG680_ML_Project/Merged_Datasets/open_eye_yawn/open_eye/s0001_03050_0_1_1_2_0_01.png,/Users/leilatawfik/Desktop/FALL 2025/ENGG680_ML_Project/Merged_Datasets/open_eye_yawn/yawn/344.jpg,1
/Users/leilatawfik/Desktop/FALL 2025/ENGG680_ML_Project/Merged_Datasets/open_eye_yawn/open_eye/s0001_03055_0_1_1_2_0_01.png,/Users/leilatawfik/Desktop/FALL 2025/ENGG680_ML_Project/Merged_Datasets/open_eye_yawn/yawn/388.jpg,1
/Users/leilatawfik/Desktop/FALL 2025/ENGG680_ML_Project/Merged_Datasets/open_eye_yawn/open_eye/s0001_02990_0_1_1_2_0_01.png,/Users/leilatawfik/Desktop/FALL 2025/ENGG680_ML_Project/Merged_Datasets/open_eye_yawn/yawn/265.jpg,1
/Users/leilatawfik/Desktop/FALL 2025/ENGG680_ML_Project/Merged_Datasets/open_eye_yawn/open_eye/s0001_03054_0_1_1_2_0_01.png,/Users/leilatawfik/Desktop/FALL 2025/ENGG680_ML_Project/Merged_Datasets/open_eye_yawn/yawn/383.jpg,1
/Users/leilatawfik/Desktop/FALL 2025/ENGG680_ML_Project/Merged_Datasets/open_eye_yawn/open_eye/s0001_03080_0_1_1_2_0_01.png,/Users/leilatawfik/Desktop/FALL 2025/ENGG680_ML_Project/Merged_Datasets/open_eye_yawn/yawn/254.jpg,1
/Users/leilatawfik/Desktop/FALL 2025/ENGG680_ML_Project/Merged_Datasets/open_eye_yawn/open_eye/s0012_04779_0_0_1_0_0_03.png,/Users/leilatawfik/Desktop/FALL 2025/ENGG680_ML_Project/Merged_Datasets/open_eye_yawn/yawn/340.jpg,1
/Users/leilatawfik/Desktop/FALL 2025/ENGG680_ML_Project/Merged_Datasets/open_eye_yawn/open_eye/s0012_04653_0_0_1_0_1_03.png,/Users/leilatawfik/Desktop/FALL 2025/ENGG680_ML_Project/Merged_Datasets/open_eye_yawn/yawn/377.jpg,1
/Users/leilatawfik/Desktop/FALL 2025/ENGG680_ML_Project/Merged_Datasets/open_eye_yawn/open_eye/s0001_02971_0_1_1_2_0_01.png,/Users/leilatawfik/Desktop/FALL 2025/ENGG680_ML_Project/Merged_Datasets/open_eye_yawn/yawn/268.jpg,1
/Users/leilatawfik/Desktop/FALL 2025/ENGG680_ML_Project/Merged_Datasets/open_eye_yawn/open_eye/s0012_04700_0_0_1_0_1_03.png,/Users/leilatawfik/Desktop/FALL 2025/ENGG680_ML_Project/Merged_Datasets/open_eye_yawn/yawn/410.jpg,1
/Users/leilatawfik/Desktop/FALL 2025/ENGG680_ML_Project/Merged_Datasets/open_eye_yawn/open_eye/s0012_04571_0_0_1_0_1_03.png,/Users/leilatawfik/Desktop/FALL 2025/ENGG680_ML_Project/Merged_Datasets/open_eye_yawn/yawn/245.jpg,1
/Users/leilatawfik/Desktop/FALL 2025/ENGG680_ML_Project/Merged_Datasets/open_eye_yawn/open_eye/s0001_03030_0_1_1_2_0_01.png,/Users/leilatawfik/Desktop/FALL 2025/ENGG680_ML_Project/Merged_Datasets/open_eye_yawn/yawn/407.jpg,1
/Users/leilatawfik/Desktop/FALL 2025/ENGG680_ML_Project/Merged_Datasets/open_eye_yawn/open_eye/s0001_03011_0_1_1_2_0_01.png,/Users/leilatawfik/Desktop/FALL 2025/ENGG680_ML_Project/Merged_Datasets/open_eye_yawn/yawn/329.jpg,1
/Users/leilatawfik/Desktop/FALL 2025/ENGG680_ML_Project/Merged_Datasets/open_eye_yawn/open_eye/s0012_04648_0_0_1_2_1_03.png,/Users/leilatawfik/Desktop/FALL 2025/ENGG680_ML_Project/Merged_Datasets/open_eye_yawn/yawn/396.jpg,1
/Users/leilatawfik/Desktop/FALL 2025/ENGG680_ML_Project/Merged_Datasets/open_eye_yawn/open_eye/s0001_02963_0_1_1_2_0_01.png,/Users/leilatawfik/Desktop/FALL 2025/ENGG680_ML_Project/Merged_Datasets/open_eye_yawn/yawn/243.jpg,1
/Users/leilatawfik/Desktop/FALL 2025/ENGG680_ML_Project/Merged_Datasets/open_eye_yawn/open_eye/s0001_03001_0_1_1_2_0_01.png,/Users/leilatawfik/Desktop/FALL 2025/ENGG680_ML_Project/Merged_Datasets/open_eye_yawn/yawn/231.jpg,1
/Users/leilatawfik/Desktop/FALL 2025/ENGG680_ML_Project/Merged_Datasets/open_eye_yawn/open_eye/s0001_03053_0_1_1_2_0_01.png,/Users/leilatawfik/Desktop/FALL 2025/ENGG680_ML_Project/Merged_Datasets/open_eye_yawn/yawn/345.jpg,1
/Users/leilatawfik/Desktop/FALL 2025/ENGG680_ML_Project/Merged_Datasets/open_eye_yawn/open_eye/s0001_03031_0_1_1_2_0_01.png,/Users/leilatawfik/Desktop/FALL 2025/ENGG680_ML_Project/Merged_Datasets/open_eye_yawn/yawn/331.jpg,1
/Users/leilatawfik/Desktop/FALL 2025/ENGG680_ML_Project/Merged_Datasets/open_eye_yawn/open_eye/s0012_04565_0_0_1_0_1_03.png,/Users/leilatawfik/Desktop/FALL 2025/ENGG680_ML_Project/Merged_Datasets/open_eye_yawn/yawn/334.jpg,1
/Users/leilatawfik/Desktop/FALL 2025/ENGG680_ML_Project/Merged_Datasets/open_eye_yawn/open_eye/s0001_02966_0_1_1_2_0_01.png,/Users/leilatawfik/Desktop/FALL 2025/ENGG680_ML_Project/Merged_Datasets/open_eye_yawn/yawn/315.jpg,1
/Users/leilatawfik/Desktop/FALL 2025/ENGG680_ML_Project/Merged_Datasets/open_eye_yawn/open_eye/s0001_03057_0_1_1_2_0_01.png,/Users/leilatawfik/Desktop/FALL 2025/ENGG680_ML_Project/Merged_Datasets/open_eye_yawn/yawn/336.jpg,1
/Users/leilatawfik/Desktop/FALL 2025/ENGG680_ML_Project/Merged_Datasets/open_eye_yawn/open_eye/s0001_02978_0_1_1_2_0_01.png,/Users/leilatawfik/Desktop/FALL 2025/ENGG680_ML_Project/Merged_Datasets/open_eye_yawn/yawn/402.jpg,1
/Users/leilatawfik/Desktop/FALL 2025/ENGG680_ML_Project/Merged_Datasets/open_eye_yawn/open_eye/s0012_04561_0_0_1_0_1_03.png,/Users/leilatawfik/Desktop/FALL 2025/ENGG680_ML_Project/Merged_Datasets/open_eye_yawn/yawn/242.jpg,1
/Users/leilatawfik/Desktop/FALL 2025/ENGG680_ML_Project/Merged_Datasets/open_eye_yawn/open_eye/s0001_03081_0_1_1_2_0_01.png,/Users/leilatawfik/Desktop/FALL 2025/ENGG680_ML_Project/Merged_Datasets/open_eye_yawn/yawn/267.jpg,1
/Users/leilatawfik/Desktop/FALL 2025/ENGG680_ML_Project/Merged_Datasets/open_eye_yawn/open_eye/s0001_02957_0_1_1_2_0_01.png,/Users/leilatawfik/Desktop/FALL 2025/ENGG680_ML_Project/Merged_Datasets/open_eye_yawn/yawn/330.jpg,1
/Users/leilatawfik/Desktop/FALL 2025/ENGG680_ML_Project/Merged_Datasets/open_eye_yawn/open_eye/s0001_03020_0_1_1_2_0_01.png,/Users/leilatawfik/Desktop/FALL 2025/ENGG680_ML_Project/Merged_Datasets/open_eye_yawn/yawn/381.jpg,1
/Users/leilatawfik/Desktop/FALL 2025/ENGG680_ML_Project/Merged_Datasets/open_eye_yawn/open_eye/s0001_03045_0_1_1_2_0_01.png,/Users/leilatawfik/Desktop/FALL 2025/ENGG680_ML_Project/Merged_Datasets/open_eye_yawn/yawn/282.jpg,1
/Users/leilatawfik/Desktop/FALL 2025/ENGG680_ML_Project/Merged_Datasets/open_eye_yawn/open_eye/s0001_03051_0_1_1_2_0_01.png,/Users/leilatawfik/Desktop/FALL 2025/ENGG680_ML_Project/Merged_Datasets/open_eye_yawn/yawn/347.jpg,1
/Users/leilatawfik/Desktop/FALL 2025/ENGG680_ML_Project/Merged_Datasets/open_eye_yawn/open_eye/s0001_02970_0_1_1_2_0_01.png,/Users/leilatawfik/Desktop/FALL 2025/ENGG680_ML_Project/Merged_Datasets/open_eye_yawn/yawn/373.jpg,1
/Users/leilatawfik/Desktop/FALL 2025/ENGG680_ML_Project/Merged_Datasets/open_eye_yawn/open_eye/s0001_03058_0_1_1_2_0_01.png,/Users/leilatawfik/Desktop/FALL 2025/ENGG680_ML_Project/Merged_Datasets/open_eye_yawn/yawn/372.jpg,1
/Users/leilatawfik/Desktop/FALL 2025/ENGG680_ML_Project/Merged_Datasets/open_eye_yawn/open_eye/s0012_04702_0_0_1_0_1_03.png,/Users/leilatawfik/Desktop/FALL 2025/ENGG680_ML_Project/Merged_Datasets/open_eye_yawn/yawn/252.jpg,1
/Users/leilatawfik/Desktop/FALL 2025/ENGG680_ML_Project/Merged_Datasets/open_eye_yawn/open_eye/s0012_04734_0_0_1_0_1_03.png,/Users/leilatawfik/Desktop/FALL 2025/ENGG680_ML_Project/Merged_Datasets/open_eye_yawn/yawn/426.jpg,1
/Users/leilatawfik/Desktop/FALL 2025/ENGG680_ML_Project/Merged_Datasets/open_eye_yawn/open_eye/s0001_03043_0_1_1_2_0_01.png,/Users/leilatawfik/Desktop/FALL 2025/ENGG680_ML_Project/Merged_Datasets/open_eye_yawn/yawn/427.jpg,1
/Users/leilatawfik/Desktop/FALL 2025/ENGG680_ML_Project/Merged_Datasets/open_eye_yawn/open_eye/s0012_04701_0_0_1_0_0_03.png,/Users/leilatawfik/Desktop/FALL 2025/ENGG680_ML_Project/Merged_Datasets/open_eye_yawn/yawn/350.jpg,1
/Users/leilatawfik/Desktop/FALL 2025/ENGG680_ML_Project/Merged_Datasets/open_eye_yawn/open_eye/s0001_02988_0_1_1_2_0_01.png,/Users/leilatawfik/Desktop/FALL 2025/ENGG680_ML_Project/Merged_Datasets/open_eye_yawn/yawn/294.jpg,1
/Users/leilatawfik/Desktop/FALL 2025/ENGG680_ML_Project/Merged_Datasets/open_eye_yawn/open_eye/s0012_04664_0_0_1_0_1_03.png,/Users/leilatawfik/Desktop/FALL 2025/ENGG680_ML_Project/Merged_Datasets/open_eye_yawn/yawn/280.jpg,1
/Users/leilatawfik/Desktop/FALL 2025/ENGG680_ML_Project/Merged_Datasets/open_eye_yawn/open_eye/s0001_03044_0_1_1_2_0_01.png,/Users/leilatawfik/Desktop/FALL 2025/ENGG680_ML_Project/Merged_Datasets/open_eye_yawn/yawn/357.jpg,1
/Users/leilatawfik/Desktop/FALL 2025/ENGG680_ML_Project/Merged_Datasets/open_eye_yawn/open_eye/s0012_04705_0_0_1_0_0_03.png,/Users/leilatawfik/Desktop/FALL 2025/ENGG680_ML_Project/Merged_Datasets/open_eye_yawn/yawn/398.jpg,1
/Users/leilatawfik/Desktop/FALL 2025/ENGG680_ML_Project/Merged_Datasets/open_eye_yawn/open_eye/s0001_02989_0_1_1_2_0_01.png,/Users/leilatawfik/Desktop/FALL 2025/ENGG680_ML_Project/Merged_Datasets/open_eye_yawn/yawn/309.jpg,1
/Users/leilatawfik/Desktop/FALL 2025/ENGG680_ML_Project/Merged_Datasets/open_eye_yawn/open_eye/s0001_02946_0_1_1_2_0_01.png,/Users/leilatawfik/Desktop/FALL 2025/ENGG680_ML_Project/Merged_Datasets/open_eye_yawn/yawn/226.jpg,1
/Users/leilatawfik/Desktop/FALL 2025/ENGG680_ML_Project/Merged_Datasets/open_eye_yawn/open_eye/s0001_03027_0_1_1_2_0_01.png,/Users/leilatawfik/Desktop/FALL 2025/ENGG680_ML_Project/Merged_Datasets/open_eye_yawn/yawn/235.jpg,1
/Users/leilatawfik/Desktop/FALL 2025/ENGG680_ML_Project/Merged_Datasets/open_eye_yawn/open_eye/s0012_04574_0_0_1_2_1_03.png,/Users/leilatawfik/Desktop/FALL 2025/ENGG680_ML_Project/Merged_Datasets/open_eye_yawn/yawn/423.jpg,1
/Users/leilatawfik/Desktop/FALL 2025/ENGG680_ML_Project/Merged_Datasets/open_eye_yawn/open_eye/s0001_03078_0_1_1_2_0_01.png,/Users/leilatawfik/Desktop/FALL 2025/ENGG680_ML_Project/Merged_Datasets/open_eye_yawn/yawn/233.jpg,1
/Users/leilatawfik/Desktop/FALL 2025/ENGG680_ML_Project/Merged_Datasets/open_eye_yawn/open_eye/s0001_03009_0_1_1_2_0_01.png,/Users/leilatawfik/Desktop/FALL 2025/ENGG680_ML_Project/Merged_Datasets/open_eye_yawn/yawn/387.jpg,1
/Users/leilatawfik/Desktop/FALL 2025/ENGG680_ML_Project/Merged_Datasets/open_eye_yawn/open_eye/s0001_03071_0_1_1_2_0_01.png,/Users/leilatawfik/Desktop/FALL 2025/ENGG680_ML_Project/Merged_Datasets/open_eye_yawn/yawn/236.jpg,1
/Users/leilatawfik/Desktop/FALL 2025/ENGG680_ML_Project/Merged_Datasets/open_eye_yawn/open_eye/s0012_04747_0_0_1_0_1_03.png,/Users/leilatawfik/Desktop/FALL 2025/ENGG680_ML_Project/Merged_Datasets/open_eye_yawn/yawn/219.jpg,1
/Users/leilatawfik/Desktop/FALL 2025/ENGG680_ML_Project/Merged_Datasets/open_eye_yawn/open_eye/s0012_04662_0_0_1_0_1_03.png,/Users/leilatawfik/Desktop/FALL 2025/ENGG680_ML_Project/Merged_Datasets/open_eye_yawn/yawn/276.jpg,1
/Users/leilatawfik/Desktop/FALL 2025/ENGG680_ML_Project/Merged_Datasets/open_eye_yawn/open_eye/s0001_03002_0_1_1_2_0_01.png,/Users/leilatawfik/Desktop/FALL 2025/ENGG680_ML_Project/Merged_Datasets/open_eye_yawn/yawn/405.jpg,1
/Users/leilatawfik/Desktop/FALL 2025/ENGG680_ML_Project/Merged_Datasets/open_eye_yawn/open_eye/s0012_04567_0_0_1_0_1_03.png,/Users/leilatawfik/Desktop/FALL 2025/ENGG680_ML_Project/Merged_Datasets/open_eye_yawn/yawn/278.jpg,1
/Users/leilatawfik/Desktop/FALL 2025/ENGG680_ML_Project/Merged_Datasets/open_eye_yawn/open_eye/s0012_04777_0_0_1_0_0_03.png,/Users/leilatawfik/Desktop/FALL 2025/ENGG680_ML_Project/Merged_Datasets/open_eye_yawn/yawn/367.jpg,1
/Users/leilatawfik/Desktop/FALL 2025/ENGG680_ML_Project/Merged_Datasets/open_eye_yawn/open_eye/s0012_04650_0_0_1_2_1_03.png,/Users/leilatawfik/Desktop/FALL 2025/ENGG680_ML_Project/Merged_Datasets/open_eye_yawn/yawn/376.jpg,1
/Users/leilatawfik/Desktop/FALL 2025/ENGG680_ML_Project/Merged_Datasets/open_eye_yawn/open_eye/s0001_03097_0_1_1_2_0_01.png,/Users/leilatawfik/Desktop/FALL 2025/ENGG680_ML_Project/Merged_Datasets/open_eye_yawn/yawn/223.jpg,1
/Users/leilatawfik/Desktop/FALL 2025/ENGG680_ML_Project/Merged_Datasets/open_eye_yawn/open_eye/s0001_03012_0_1_1_2_0_01.png,/Users/leilatawfik/Desktop/FALL 2025/ENGG680_ML_Project/Merged_Datasets/open_eye_yawn/yawn/311.jpg,1
/Users/leilatawfik/Desktop/FALL 2025/ENGG680_ML_Project/Merged_Datasets/open_eye_yawn/open_eye/s0001_03007_0_1_1_2_0_01.png,/Users/leilatawfik/Desktop/FALL 2025/ENGG680_ML_Project/Merged_Datasets/open_eye_yawn/yawn/234.jpg,1
/Users/leilatawfik/Desktop/FALL 2025/ENGG680_ML_Project/Merged_Datasets/open_eye_yawn/open_eye/s0001_02969_0_1_1_2_0_01.png,/Users/leilatawfik/Desktop/FALL 2025/ENGG680_ML_Project/Merged_Datasets/open_eye_yawn/yawn/277.jpg,1
/Users/leilatawfik/Desktop/FALL 2025/ENGG680_ML_Project/Merged_Datasets/open_eye_yawn/open_eye/s0001_02952_0_1_1_2_0_01.png,/Users/leilatawfik/Desktop/FALL 2025/ENGG680_ML_Project/Merged_Datasets/open_eye_yawn/yawn/283.jpg,1
/Users/leilatawfik/Desktop/FALL 2025/ENGG680_ML_Project/Merged_Datasets/open_eye_yawn/open_eye/s0001_02953_0_1_1_2_0_01.png,/Users/leilatawfik/Desktop/FALL 2025/ENGG680_ML_Project/Merged_Datasets/open_eye_yawn/yawn/248.jpg,1
/Users/leilatawfik/Desktop/FALL 2025/ENGG680_ML_Project/Merged_Datasets/open_eye_yawn/open_eye/s0001_03072_0_1_1_2_0_01.png,/Users/leilatawfik/Desktop/FALL 2025/ENGG680_ML_Project/Merged_Datasets/open_eye_yawn/yawn/341.jpg,1
/Users/leilatawfik/Desktop/FALL 2025/ENGG680_ML_Project/Merged_Datasets/open_eye_yawn/open_eye/s0012_04599_0_0_1_1_1_03.png,/Users/leilatawfik/Desktop/FALL 2025/ENGG680_ML_Project/Merged_Datasets/open_eye_yawn/yawn/358.jpg,1
/Users/leilatawfik/Desktop/FALL 2025/ENGG680_ML_Project/Merged_Datasets/open_eye_yawn/open_eye/s0001_02968_0_1_1_2_0_01.png,/Users/leilatawfik/Desktop/FALL 2025/ENGG680_ML_Project/Merged_Datasets/open_eye_yawn/yawn/338.jpg,1
/Users/leilatawfik/Desktop/FALL 2025/ENGG680_ML_Project/Merged_Datasets/open_eye_yawn/open_eye/s0012_04563_0_0_1_0_1_03.png,/Users/leilatawfik/Desktop/FALL 2025/ENGG680_ML_Project/Merged_Datasets/open_eye_yawn/yawn/320.jpg,1
/Users/leilatawfik/Desktop/FALL 2025/ENGG680_ML_Project/Merged_Datasets/open_eye_yawn/open_eye/s0012_04669_0_0_1_2_1_03.png,/Users/leilatawfik/Desktop/FALL 2025/ENGG680_ML_Project/Merged_Datasets/open_eye_yawn/yawn/392.jpg,1
/Users/leilatawfik/Desktop/FALL 2025/ENGG680_ML_Project/Merged_Datasets/open_eye_yawn/open_eye/s0001_02972_0_1_1_2_0_01.png,/Users/leilatawfik/Desktop/FALL 2025/ENGG680_ML_Project/Merged_Datasets/open_eye_yawn/yawn/397.jpg,1
/Users/leilatawfik/Desktop/FALL 2025/ENGG680_ML_Project/Merged_Datasets/open_eye_yawn/open_eye/s0012_04720_0_0_1_0_0_03.png,/Users/leilatawfik/Desktop/FALL 2025/ENGG680_ML_Project/Merged_Datasets/open_eye_yawn/yawn/327.jpg,1
/Users/leilatawfik/Desktop/FALL 2025/ENGG680_ML_Project/Merged_Datasets/open_eye_yawn/open_eye/s0001_02984_0_1_1_2_0_01.png,/Users/leilatawfik/Desktop/FALL 2025/ENGG680_ML_Project/Merged_Datasets/open_eye_yawn/yawn/302.jpg,1
/Users/leilatawfik/Desktop/FALL 2025/ENGG680_ML_Project/Merged_Datasets/open_eye_yawn/open_eye/s0001_03010_0_1_1_2_0_01.png,/Users/leilatawfik/Desktop/FALL 2025/ENGG680_ML_Project/Merged_Datasets/open_eye_yawn/yawn/409.jpg,1
/Users/leilatawfik/Desktop/FALL 2025/ENGG680_ML_Project/Merged_Datasets/open_eye_yawn/open_eye/s0001_03015_0_1_1_2_0_01.png,/Users/leilatawfik/Desktop/FALL 2025/ENGG680_ML_Project/Merged_Datasets/open_eye_yawn/yawn/270.jpg,1
/Users/leilatawfik/Desktop/FALL 2025/ENGG680_ML_Project/Merged_Datasets/open_eye_yawn/open_eye/s0001_03026_0_1_1_2_0_01.png,/Users/leilatawfik/Desktop/FALL 2025/ENGG680_ML_Project/Merged_Datasets/open_eye_yawn/yawn/403.jpg,1
/Users/leilatawfik/Desktop/FALL 2025/ENGG680_ML_Project/Merged_Datasets/open_eye_yawn/open_eye/s0012_04721_0_0_1_0_1_03.png,/Users/leilatawfik/Desktop/FALL 2025/ENGG680_ML_Project/Merged_Datasets/open_eye_yawn/yawn/413.jpg,1
/Users/leilatawfik/Desktop/FALL 2025/ENGG680_ML_Project/Merged_Datasets/open_eye_yawn/open_eye/s0001_02951_0_1_1_2_0_01.png,/Users/leilatawfik/Desktop/FALL 2025/ENGG680_ML_Project/Merged_Datasets/open_eye_yawn/yawn/421.jpg,1
/Users/leilatawfik/Desktop/FALL 2025/ENGG680_ML_Project/Merged_Datasets/open_eye_yawn/open_eye/s0001_02974_0_1_1_2_0_01.png,/Users/leilatawfik/Desktop/FALL 2025/ENGG680_ML_Project/Merged_Datasets/open_eye_yawn/yawn/364.jpg,1
/Users/leilatawfik/Desktop/FALL 2025/ENGG680_ML_Project/Merged_Datasets/open_eye_yawn/open_eye/s0012_04659_0_0_1_0_1_03.png,/Users/leilatawfik/Desktop/FALL 2025/ENGG680_ML_Project/Merged_Datasets/open_eye_yawn/yawn/273.jpg,1
