images_closed_eye_path,images_no_yawn_path
/Users/leilatawfik/Desktop/FALL 2025/ENGG680_ML_Project/Merged_Datasets/closed_eye_no_yawn/closed_eye/s0001_00218_0_0_0_0_0_01.png,/Users/leilatawfik/Desktop/FALL 2025/ENGG680_ML_Project/Merged_Datasets/closed_eye_no_yawn/no_yawn/2837.jpg
/Users/leilatawfik/Desktop/FALL 2025/ENGG680_ML_Project/Merged_Datasets/closed_eye_no_yawn/closed_eye/s0001_01474_0_1_0_0_0_01.png,/Users/leilatawfik/Desktop/FALL 2025/ENGG680_ML_Project/Merged_Datasets/closed_eye_no_yawn/no_yawn/2855.jpg
/Users/leilatawfik/Desktop/FALL 2025/ENGG680_ML_Project/Merged_Datasets/closed_eye_no_yawn/closed_eye/s0001_00315_0_0_0_0_0_01.png,/Users/leilatawfik/Desktop/FALL 2025/ENGG680_ML_Project/Merged_Datasets/closed_eye_no_yawn/no_yawn/2914.jpg
/Users/leilatawfik/Desktop/FALL 2025/ENGG680_ML_Project/Merged_Datasets/closed_eye_no_yawn/closed_eye/s0001_01480_0_1_0_0_0_01.png,/Users/leilatawfik/Desktop/FALL 2025/ENGG680_ML_Project/Merged_Datasets/closed_eye_no_yawn/no_yawn/2925.jpg
/Users/leilatawfik/Desktop/FALL 2025/ENGG680_ML_Project/Merged_Datasets/closed_eye_no_yawn/closed_eye/s0001_00325_0_0_0_0_0_01.png,/Users/leilatawfik/Desktop/FALL 2025/ENGG680_ML_Project/Merged_Datasets/closed_eye_no_yawn/no_yawn/2890.jpg
/Users/leilatawfik/Desktop/FALL 2025/ENGG680_ML_Project/Merged_Datasets/closed_eye_no_yawn/closed_eye/s0001_00406_0_0_0_0_1_01.png,/Users/leilatawfik/Desktop/FALL 2025/ENGG680_ML_Project/Merged_Datasets/closed_eye_no_yawn/no_yawn/2853.jpg
/Users/leilatawfik/Desktop/FALL 2025/ENGG680_ML_Project/Merged_Datasets/closed_eye_no_yawn/closed_eye/s0001_00016_0_0_0_0_0_01.png,/Users/leilatawfik/Desktop/FALL 2025/ENGG680_ML_Project/Merged_Datasets/closed_eye_no_yawn/no_yawn/2928.jpg
/Users/leilatawfik/Desktop/FALL 2025/ENGG680_ML_Project/Merged_Datasets/closed_eye_no_yawn/closed_eye/s0001_00003_0_0_0_0_0_01.png,/Users/leilatawfik/Desktop/FALL 2025/ENGG680_ML_Project/Merged_Datasets/closed_eye_no_yawn/no_yawn/2915.jpg
/Users/leilatawfik/Desktop/FALL 2025/ENGG680_ML_Project/Merged_Datasets/closed_eye_no_yawn/closed_eye/s0001_00216_0_0_0_0_0_01.png,/Users/leilatawfik/Desktop/FALL 2025/ENGG680_ML_Project/Merged_Datasets/closed_eye_no_yawn/no_yawn/2895.jpg
/Users/leilatawfik/Desktop/FALL 2025/ENGG680_ML_Project/Merged_Datasets/closed_eye_no_yawn/closed_eye/s0001_00145_0_0_0_0_0_01.png,/Users/leilatawfik/Desktop/FALL 2025/ENGG680_ML_Project/Merged_Datasets/closed_eye_no_yawn/no_yawn/2834.jpg
/Users/leilatawfik/Desktop/FALL 2025/ENGG680_ML_Project/Merged_Datasets/closed_eye_no_yawn/closed_eye/s0001_00435_0_0_0_0_1_01.png,/Users/leilatawfik/Desktop/FALL 2025/ENGG680_ML_Project/Merged_Datasets/closed_eye_no_yawn/no_yawn/2862.jpg
/Users/leilatawfik/Desktop/FALL 2025/ENGG680_ML_Project/Merged_Datasets/closed_eye_no_yawn/closed_eye/s0001_01457_0_1_0_0_0_01.png,/Users/leilatawfik/Desktop/FALL 2025/ENGG680_ML_Project/Merged_Datasets/closed_eye_no_yawn/no_yawn/2877.jpg
/Users/leilatawfik/Desktop/FALL 2025/ENGG680_ML_Project/Merged_Datasets/closed_eye_no_yawn/closed_eye/s0001_00416_0_0_0_0_0_01.png,/Users/leilatawfik/Desktop/FALL 2025/ENGG680_ML_Project/Merged_Datasets/closed_eye_no_yawn/no_yawn/2798.jpg
/Users/leilatawfik/Desktop/FALL 2025/ENGG680_ML_Project/Merged_Datasets/closed_eye_no_yawn/closed_eye/s0001_00228_0_0_0_0_0_01.png,/Users/leilatawfik/Desktop/FALL 2025/ENGG680_ML_Project/Merged_Datasets/closed_eye_no_yawn/no_yawn/2848.jpg
/Users/leilatawfik/Desktop/FALL 2025/ENGG680_ML_Project/Merged_Datasets/closed_eye_no_yawn/closed_eye/s0001_00459_0_0_0_0_0_01.png,/Users/leilatawfik/Desktop/FALL 2025/ENGG680_ML_Project/Merged_Datasets/closed_eye_no_yawn/no_yawn/2782.jpg
/Users/leilatawfik/Desktop/FALL 2025/ENGG680_ML_Project/Merged_Datasets/closed_eye_no_yawn/closed_eye/s0001_00470_0_0_0_0_0_01.png,/Users/leilatawfik/Desktop/FALL 2025/ENGG680_ML_Project/Merged_Datasets/closed_eye_no_yawn/no_yawn/2763.jpg
/Users/leilatawfik/Desktop/FALL 2025/ENGG680_ML_Project/Merged_Datasets/closed_eye_no_yawn/closed_eye/s0001_00146_0_0_0_0_0_01.png,/Users/leilatawfik/Desktop/FALL 2025/ENGG680_ML_Project/Merged_Datasets/closed_eye_no_yawn/no_yawn/2803.jpg
/Users/leilatawfik/Desktop/FALL 2025/ENGG680_ML_Project/Merged_Datasets/closed_eye_no_yawn/closed_eye/s0001_00418_0_0_0_0_0_01.png,/Users/leilatawfik/Desktop/FALL 2025/ENGG680_ML_Project/Merged_Datasets/closed_eye_no_yawn/no_yawn/2927.jpg
/Users/leilatawfik/Desktop/FALL 2025/ENGG680_ML_Project/Merged_Datasets/closed_eye_no_yawn/closed_eye/s0001_00126_0_0_0_0_0_01.png,/Users/leilatawfik/Desktop/FALL 2025/ENGG680_ML_Project/Merged_Datasets/closed_eye_no_yawn/no_yawn/2860.jpg
/Users/leilatawfik/Desktop/FALL 2025/ENGG680_ML_Project/Merged_Datasets/closed_eye_no_yawn/closed_eye/s0001_00004_0_0_0_0_0_01.png,/Users/leilatawfik/Desktop/FALL 2025/ENGG680_ML_Project/Merged_Datasets/closed_eye_no_yawn/no_yawn/2814.jpg
/Users/leilatawfik/Desktop/FALL 2025/ENGG680_ML_Project/Merged_Datasets/closed_eye_no_yawn/closed_eye/s0001_00461_0_0_0_0_1_01.png,/Users/leilatawfik/Desktop/FALL 2025/ENGG680_ML_Project/Merged_Datasets/closed_eye_no_yawn/no_yawn/2896.jpg
/Users/leilatawfik/Desktop/FALL 2025/ENGG680_ML_Project/Merged_Datasets/closed_eye_no_yawn/closed_eye/s0001_00018_0_0_0_0_0_01.png,/Users/leilatawfik/Desktop/FALL 2025/ENGG680_ML_Project/Merged_Datasets/closed_eye_no_yawn/no_yawn/2931.jpg
/Users/leilatawfik/Desktop/FALL 2025/ENGG680_ML_Project/Merged_Datasets/closed_eye_no_yawn/closed_eye/s0001_00143_0_0_0_0_0_01.png,/Users/leilatawfik/Desktop/FALL 2025/ENGG680_ML_Project/Merged_Datasets/closed_eye_no_yawn/no_yawn/2774.jpg
/Users/leilatawfik/Desktop/FALL 2025/ENGG680_ML_Project/Merged_Datasets/closed_eye_no_yawn/closed_eye/s0001_00414_0_0_0_0_0_01.png,/Users/leilatawfik/Desktop/FALL 2025/ENGG680_ML_Project/Merged_Datasets/closed_eye_no_yawn/no_yawn/2838.jpg
/Users/leilatawfik/Desktop/FALL 2025/ENGG680_ML_Project/Merged_Datasets/closed_eye_no_yawn/closed_eye/s0001_01473_0_1_0_0_0_01.png,/Users/leilatawfik/Desktop/FALL 2025/ENGG680_ML_Project/Merged_Datasets/closed_eye_no_yawn/no_yawn/2769.jpg
/Users/leilatawfik/Desktop/FALL 2025/ENGG680_ML_Project/Merged_Datasets/closed_eye_no_yawn/closed_eye/s0001_00464_0_0_0_0_0_01.png,/Users/leilatawfik/Desktop/FALL 2025/ENGG680_ML_Project/Merged_Datasets/closed_eye_no_yawn/no_yawn/2829.jpg
/Users/leilatawfik/Desktop/FALL 2025/ENGG680_ML_Project/Merged_Datasets/closed_eye_no_yawn/closed_eye/s0001_00149_0_0_0_0_0_01.png,/Users/leilatawfik/Desktop/FALL 2025/ENGG680_ML_Project/Merged_Datasets/closed_eye_no_yawn/no_yawn/2955.jpg
/Users/leilatawfik/Desktop/FALL 2025/ENGG680_ML_Project/Merged_Datasets/closed_eye_no_yawn/closed_eye/s0001_00324_0_0_0_0_0_01.png,/Users/leilatawfik/Desktop/FALL 2025/ENGG680_ML_Project/Merged_Datasets/closed_eye_no_yawn/no_yawn/2762.jpg
/Users/leilatawfik/Desktop/FALL 2025/ENGG680_ML_Project/Merged_Datasets/closed_eye_no_yawn/closed_eye/s0001_00006_0_0_0_0_0_01.png,/Users/leilatawfik/Desktop/FALL 2025/ENGG680_ML_Project/Merged_Datasets/closed_eye_no_yawn/no_yawn/2788.jpg
/Users/leilatawfik/Desktop/FALL 2025/ENGG680_ML_Project/Merged_Datasets/closed_eye_no_yawn/closed_eye/s0001_01481_0_1_0_0_0_01.png,/Users/leilatawfik/Desktop/FALL 2025/ENGG680_ML_Project/Merged_Datasets/closed_eye_no_yawn/no_yawn/2948.jpg
/Users/leilatawfik/Desktop/FALL 2025/ENGG680_ML_Project/Merged_Datasets/closed_eye_no_yawn/closed_eye/s0001_00138_0_0_0_0_0_01.png,/Users/leilatawfik/Desktop/FALL 2025/ENGG680_ML_Project/Merged_Datasets/closed_eye_no_yawn/no_yawn/2843.jpg
/Users/leilatawfik/Desktop/FALL 2025/ENGG680_ML_Project/Merged_Datasets/closed_eye_no_yawn/closed_eye/s0001_00408_0_0_0_0_1_01.png,/Users/leilatawfik/Desktop/FALL 2025/ENGG680_ML_Project/Merged_Datasets/closed_eye_no_yawn/no_yawn/2887.jpg
/Users/leilatawfik/Desktop/FALL 2025/ENGG680_ML_Project/Merged_Datasets/closed_eye_no_yawn/closed_eye/s0001_00015_0_0_0_0_0_01.png,/Users/leilatawfik/Desktop/FALL 2025/ENGG680_ML_Project/Merged_Datasets/closed_eye_no_yawn/no_yawn/2811.jpg
/Users/leilatawfik/Desktop/FALL 2025/ENGG680_ML_Project/Merged_Datasets/closed_eye_no_yawn/closed_eye/s0001_00137_0_0_0_0_0_01.png,/Users/leilatawfik/Desktop/FALL 2025/ENGG680_ML_Project/Merged_Datasets/closed_eye_no_yawn/no_yawn/2792.jpg
/Users/leilatawfik/Desktop/FALL 2025/ENGG680_ML_Project/Merged_Datasets/closed_eye_no_yawn/closed_eye/s0001_00453_0_0_0_0_1_01.png,/Users/leilatawfik/Desktop/FALL 2025/ENGG680_ML_Project/Merged_Datasets/closed_eye_no_yawn/no_yawn/2816.jpg
/Users/leilatawfik/Desktop/FALL 2025/ENGG680_ML_Project/Merged_Datasets/closed_eye_no_yawn/closed_eye/s0001_00221_0_0_0_0_0_01.png,/Users/leilatawfik/Desktop/FALL 2025/ENGG680_ML_Project/Merged_Datasets/closed_eye_no_yawn/no_yawn/2794.jpg
/Users/leilatawfik/Desktop/FALL 2025/ENGG680_ML_Project/Merged_Datasets/closed_eye_no_yawn/closed_eye/s0001_00199_0_0_0_0_0_01.png,/Users/leilatawfik/Desktop/FALL 2025/ENGG680_ML_Project/Merged_Datasets/closed_eye_no_yawn/no_yawn/2807.jpg
/Users/leilatawfik/Desktop/FALL 2025/ENGG680_ML_Project/Merged_Datasets/closed_eye_no_yawn/closed_eye/s0001_01482_0_1_0_0_0_01.png,/Users/leilatawfik/Desktop/FALL 2025/ENGG680_ML_Project/Merged_Datasets/closed_eye_no_yawn/no_yawn/2841.jpg
/Users/leilatawfik/Desktop/FALL 2025/ENGG680_ML_Project/Merged_Datasets/closed_eye_no_yawn/closed_eye/s0001_00130_0_0_0_0_0_01.png,/Users/leilatawfik/Desktop/FALL 2025/ENGG680_ML_Project/Merged_Datasets/closed_eye_no_yawn/no_yawn/2820.jpg
/Users/leilatawfik/Desktop/FALL 2025/ENGG680_ML_Project/Merged_Datasets/closed_eye_no_yawn/closed_eye/s0001_01459_0_1_0_0_0_01.png,/Users/leilatawfik/Desktop/FALL 2025/ENGG680_ML_Project/Merged_Datasets/closed_eye_no_yawn/no_yawn/2799.jpg
/Users/leilatawfik/Desktop/FALL 2025/ENGG680_ML_Project/Merged_Datasets/closed_eye_no_yawn/closed_eye/s0001_01458_0_1_0_0_0_01.png,/Users/leilatawfik/Desktop/FALL 2025/ENGG680_ML_Project/Merged_Datasets/closed_eye_no_yawn/no_yawn/2804.jpg
/Users/leilatawfik/Desktop/FALL 2025/ENGG680_ML_Project/Merged_Datasets/closed_eye_no_yawn/closed_eye/s0001_00198_0_0_0_0_0_01.png,/Users/leilatawfik/Desktop/FALL 2025/ENGG680_ML_Project/Merged_Datasets/closed_eye_no_yawn/no_yawn/2954.jpg
/Users/leilatawfik/Desktop/FALL 2025/ENGG680_ML_Project/Merged_Datasets/closed_eye_no_yawn/closed_eye/s0001_00013_0_0_0_0_0_01.png,/Users/leilatawfik/Desktop/FALL 2025/ENGG680_ML_Project/Merged_Datasets/closed_eye_no_yawn/no_yawn/2764.jpg
/Users/leilatawfik/Desktop/FALL 2025/ENGG680_ML_Project/Merged_Datasets/closed_eye_no_yawn/closed_eye/s0001_00443_0_0_0_0_1_01.png,/Users/leilatawfik/Desktop/FALL 2025/ENGG680_ML_Project/Merged_Datasets/closed_eye_no_yawn/no_yawn/2953.jpg
/Users/leilatawfik/Desktop/FALL 2025/ENGG680_ML_Project/Merged_Datasets/closed_eye_no_yawn/closed_eye/s0001_00462_0_0_0_0_0_01.png,/Users/leilatawfik/Desktop/FALL 2025/ENGG680_ML_Project/Merged_Datasets/closed_eye_no_yawn/no_yawn/2789.jpg
/Users/leilatawfik/Desktop/FALL 2025/ENGG680_ML_Project/Merged_Datasets/closed_eye_no_yawn/closed_eye/s0001_00154_0_0_0_0_0_01.png,/Users/leilatawfik/Desktop/FALL 2025/ENGG680_ML_Project/Merged_Datasets/closed_eye_no_yawn/no_yawn/2918.jpg
/Users/leilatawfik/Desktop/FALL 2025/ENGG680_ML_Project/Merged_Datasets/closed_eye_no_yawn/closed_eye/s0001_00413_0_0_0_0_0_01.png,/Users/leilatawfik/Desktop/FALL 2025/ENGG680_ML_Project/Merged_Datasets/closed_eye_no_yawn/no_yawn/2801.jpg
/Users/leilatawfik/Desktop/FALL 2025/ENGG680_ML_Project/Merged_Datasets/closed_eye_no_yawn/closed_eye/s0001_00320_0_0_0_0_0_01.png,/Users/leilatawfik/Desktop/FALL 2025/ENGG680_ML_Project/Merged_Datasets/closed_eye_no_yawn/no_yawn/2858.jpg
/Users/leilatawfik/Desktop/FALL 2025/ENGG680_ML_Project/Merged_Datasets/closed_eye_no_yawn/closed_eye/s0001_00225_0_0_0_0_0_01.png,/Users/leilatawfik/Desktop/FALL 2025/ENGG680_ML_Project/Merged_Datasets/closed_eye_no_yawn/no_yawn/2951.jpg
/Users/leilatawfik/Desktop/FALL 2025/ENGG680_ML_Project/Merged_Datasets/closed_eye_no_yawn/closed_eye/s0001_00367_0_0_0_0_0_01.png,/Users/leilatawfik/Desktop/FALL 2025/ENGG680_ML_Project/Merged_Datasets/closed_eye_no_yawn/no_yawn/2904.jpg
/Users/leilatawfik/Desktop/FALL 2025/ENGG680_ML_Project/Merged_Datasets/closed_eye_no_yawn/closed_eye/s0001_00319_0_0_0_0_0_01.png,/Users/leilatawfik/Desktop/FALL 2025/ENGG680_ML_Project/Merged_Datasets/closed_eye_no_yawn/no_yawn/2888.jpg
/Users/leilatawfik/Desktop/FALL 2025/ENGG680_ML_Project/Merged_Datasets/closed_eye_no_yawn/closed_eye/s0001_00309_0_0_0_0_0_01.png,/Users/leilatawfik/Desktop/FALL 2025/ENGG680_ML_Project/Merged_Datasets/closed_eye_no_yawn/no_yawn/2827.jpg
/Users/leilatawfik/Desktop/FALL 2025/ENGG680_ML_Project/Merged_Datasets/closed_eye_no_yawn/closed_eye/s0001_00317_0_0_0_0_0_01.png,/Users/leilatawfik/Desktop/FALL 2025/ENGG680_ML_Project/Merged_Datasets/closed_eye_no_yawn/no_yawn/2961.jpg
/Users/leilatawfik/Desktop/FALL 2025/ENGG680_ML_Project/Merged_Datasets/closed_eye_no_yawn/closed_eye/s0001_00444_0_0_0_0_0_01.png,/Users/leilatawfik/Desktop/FALL 2025/ENGG680_ML_Project/Merged_Datasets/closed_eye_no_yawn/no_yawn/2805.jpg
/Users/leilatawfik/Desktop/FALL 2025/ENGG680_ML_Project/Merged_Datasets/closed_eye_no_yawn/closed_eye/s0001_00144_0_0_0_0_0_01.png,/Users/leilatawfik/Desktop/FALL 2025/ENGG680_ML_Project/Merged_Datasets/closed_eye_no_yawn/no_yawn/2839.jpg
/Users/leilatawfik/Desktop/FALL 2025/ENGG680_ML_Project/Merged_Datasets/closed_eye_no_yawn/closed_eye/s0001_00001_0_0_0_0_0_01.png,/Users/leilatawfik/Desktop/FALL 2025/ENGG680_ML_Project/Merged_Datasets/closed_eye_no_yawn/no_yawn/2905.jpg
/Users/leilatawfik/Desktop/FALL 2025/ENGG680_ML_Project/Merged_Datasets/closed_eye_no_yawn/closed_eye/s0001_00463_0_0_0_0_1_01.png,/Users/leilatawfik/Desktop/FALL 2025/ENGG680_ML_Project/Merged_Datasets/closed_eye_no_yawn/no_yawn/2944.jpg
/Users/leilatawfik/Desktop/FALL 2025/ENGG680_ML_Project/Merged_Datasets/closed_eye_no_yawn/closed_eye/s0001_01479_0_1_0_0_0_01.png,/Users/leilatawfik/Desktop/FALL 2025/ENGG680_ML_Project/Merged_Datasets/closed_eye_no_yawn/no_yawn/2836.jpg
/Users/leilatawfik/Desktop/FALL 2025/ENGG680_ML_Project/Merged_Datasets/closed_eye_no_yawn/closed_eye/s0001_00019_0_0_0_0_0_01.png,/Users/leilatawfik/Desktop/FALL 2025/ENGG680_ML_Project/Merged_Datasets/closed_eye_no_yawn/no_yawn/2861.jpg
/Users/leilatawfik/Desktop/FALL 2025/ENGG680_ML_Project/Merged_Datasets/closed_eye_no_yawn/closed_eye/s0001_00269_0_0_0_0_0_01.png,/Users/leilatawfik/Desktop/FALL 2025/ENGG680_ML_Project/Merged_Datasets/closed_eye_no_yawn/no_yawn/2859.jpg
/Users/leilatawfik/Desktop/FALL 2025/ENGG680_ML_Project/Merged_Datasets/closed_eye_no_yawn/closed_eye/s0001_00316_0_0_0_0_0_01.png,/Users/leilatawfik/Desktop/FALL 2025/ENGG680_ML_Project/Merged_Datasets/closed_eye_no_yawn/no_yawn/2849.jpg
/Users/leilatawfik/Desktop/FALL 2025/ENGG680_ML_Project/Merged_Datasets/closed_eye_no_yawn/closed_eye/s0001_00139_0_0_0_0_0_01.png,/Users/leilatawfik/Desktop/FALL 2025/ENGG680_ML_Project/Merged_Datasets/closed_eye_no_yawn/no_yawn/2802.jpg
/Users/leilatawfik/Desktop/FALL 2025/ENGG680_ML_Project/Merged_Datasets/closed_eye_no_yawn/closed_eye/s0001_00456_0_0_0_0_0_01.png,/Users/leilatawfik/Desktop/FALL 2025/ENGG680_ML_Project/Merged_Datasets/closed_eye_no_yawn/no_yawn/2786.jpg
/Users/leilatawfik/Desktop/FALL 2025/ENGG680_ML_Project/Merged_Datasets/closed_eye_no_yawn/closed_eye/s0001_01463_0_1_0_0_0_01.png,/Users/leilatawfik/Desktop/FALL 2025/ENGG680_ML_Project/Merged_Datasets/closed_eye_no_yawn/no_yawn/2833.jpg
/Users/leilatawfik/Desktop/FALL 2025/ENGG680_ML_Project/Merged_Datasets/closed_eye_no_yawn/closed_eye/s0001_00424_0_0_0_0_0_01.png,/Users/leilatawfik/Desktop/FALL 2025/ENGG680_ML_Project/Merged_Datasets/closed_eye_no_yawn/no_yawn/2942.jpg
/Users/leilatawfik/Desktop/FALL 2025/ENGG680_ML_Project/Merged_Datasets/closed_eye_no_yawn/closed_eye/s0001_00267_0_0_0_0_0_01.png,/Users/leilatawfik/Desktop/FALL 2025/ENGG680_ML_Project/Merged_Datasets/closed_eye_no_yawn/no_yawn/2791.jpg
/Users/leilatawfik/Desktop/FALL 2025/ENGG680_ML_Project/Merged_Datasets/closed_eye_no_yawn/closed_eye/s0001_00373_0_0_0_0_0_01.png,/Users/leilatawfik/Desktop/FALL 2025/ENGG680_ML_Project/Merged_Datasets/closed_eye_no_yawn/no_yawn/2940.jpg
/Users/leilatawfik/Desktop/FALL 2025/ENGG680_ML_Project/Merged_Datasets/closed_eye_no_yawn/closed_eye/s0001_00022_0_0_0_0_0_01.png,/Users/leilatawfik/Desktop/FALL 2025/ENGG680_ML_Project/Merged_Datasets/closed_eye_no_yawn/no_yawn/2867.jpg
/Users/leilatawfik/Desktop/FALL 2025/ENGG680_ML_Project/Merged_Datasets/closed_eye_no_yawn/closed_eye/s0001_00017_0_0_0_0_0_01.png,/Users/leilatawfik/Desktop/FALL 2025/ENGG680_ML_Project/Merged_Datasets/closed_eye_no_yawn/no_yawn/2950.jpg
/Users/leilatawfik/Desktop/FALL 2025/ENGG680_ML_Project/Merged_Datasets/closed_eye_no_yawn/closed_eye/s0001_01464_0_1_0_0_0_01.png,/Users/leilatawfik/Desktop/FALL 2025/ENGG680_ML_Project/Merged_Datasets/closed_eye_no_yawn/no_yawn/2884.jpg
/Users/leilatawfik/Desktop/FALL 2025/ENGG680_ML_Project/Merged_Datasets/closed_eye_no_yawn/closed_eye/s0001_00445_0_0_0_0_1_01.png,/Users/leilatawfik/Desktop/FALL 2025/ENGG680_ML_Project/Merged_Datasets/closed_eye_no_yawn/no_yawn/2930.jpg
/Users/leilatawfik/Desktop/FALL 2025/ENGG680_ML_Project/Merged_Datasets/closed_eye_no_yawn/closed_eye/s0001_01466_0_1_0_0_0_01.png,/Users/leilatawfik/Desktop/FALL 2025/ENGG680_ML_Project/Merged_Datasets/closed_eye_no_yawn/no_yawn/2783.jpg
/Users/leilatawfik/Desktop/FALL 2025/ENGG680_ML_Project/Merged_Datasets/closed_eye_no_yawn/closed_eye/s0001_00217_0_0_0_0_0_01.png,/Users/leilatawfik/Desktop/FALL 2025/ENGG680_ML_Project/Merged_Datasets/closed_eye_no_yawn/no_yawn/2770.jpg
/Users/leilatawfik/Desktop/FALL 2025/ENGG680_ML_Project/Merged_Datasets/closed_eye_no_yawn/closed_eye/s0001_00279_0_0_0_0_0_01.png,/Users/leilatawfik/Desktop/FALL 2025/ENGG680_ML_Project/Merged_Datasets/closed_eye_no_yawn/no_yawn/2826.jpg
/Users/leilatawfik/Desktop/FALL 2025/ENGG680_ML_Project/Merged_Datasets/closed_eye_no_yawn/closed_eye/s0001_00468_0_0_0_0_0_01.png,/Users/leilatawfik/Desktop/FALL 2025/ENGG680_ML_Project/Merged_Datasets/closed_eye_no_yawn/no_yawn/2842.jpg
/Users/leilatawfik/Desktop/FALL 2025/ENGG680_ML_Project/Merged_Datasets/closed_eye_no_yawn/closed_eye/s0001_00148_0_0_0_0_0_01.png,/Users/leilatawfik/Desktop/FALL 2025/ENGG680_ML_Project/Merged_Datasets/closed_eye_no_yawn/no_yawn/2780.jpg
/Users/leilatawfik/Desktop/FALL 2025/ENGG680_ML_Project/Merged_Datasets/closed_eye_no_yawn/closed_eye/s0001_00318_0_0_0_0_0_01.png,/Users/leilatawfik/Desktop/FALL 2025/ENGG680_ML_Project/Merged_Datasets/closed_eye_no_yawn/no_yawn/2828.jpg
/Users/leilatawfik/Desktop/FALL 2025/ENGG680_ML_Project/Merged_Datasets/closed_eye_no_yawn/closed_eye/s0001_00268_0_0_0_0_0_01.png,/Users/leilatawfik/Desktop/FALL 2025/ENGG680_ML_Project/Merged_Datasets/closed_eye_no_yawn/no_yawn/2825.jpg
/Users/leilatawfik/Desktop/FALL 2025/ENGG680_ML_Project/Merged_Datasets/closed_eye_no_yawn/closed_eye/s0001_00156_0_0_0_0_0_01.png,/Users/leilatawfik/Desktop/FALL 2025/ENGG680_ML_Project/Merged_Datasets/closed_eye_no_yawn/no_yawn/2874.jpg
/Users/leilatawfik/Desktop/FALL 2025/ENGG680_ML_Project/Merged_Datasets/closed_eye_no_yawn/closed_eye/s0001_01483_0_1_0_0_0_01.png,/Users/leilatawfik/Desktop/FALL 2025/ENGG680_ML_Project/Merged_Datasets/closed_eye_no_yawn/no_yawn/2846.jpg
/Users/leilatawfik/Desktop/FALL 2025/ENGG680_ML_Project/Merged_Datasets/closed_eye_no_yawn/closed_eye/s0001_00280_0_0_0_0_0_01.png,/Users/leilatawfik/Desktop/FALL 2025/ENGG680_ML_Project/Merged_Datasets/closed_eye_no_yawn/no_yawn/2882.jpg
/Users/leilatawfik/Desktop/FALL 2025/ENGG680_ML_Project/Merged_Datasets/closed_eye_no_yawn/closed_eye/s0001_00393_0_0_0_0_0_01.png,/Users/leilatawfik/Desktop/FALL 2025/ENGG680_ML_Project/Merged_Datasets/closed_eye_no_yawn/no_yawn/2906.jpg
/Users/leilatawfik/Desktop/FALL 2025/ENGG680_ML_Project/Merged_Datasets/closed_eye_no_yawn/closed_eye/s0001_00323_0_0_0_0_0_01.png,/Users/leilatawfik/Desktop/FALL 2025/ENGG680_ML_Project/Merged_Datasets/closed_eye_no_yawn/no_yawn/2800.jpg
/Users/leilatawfik/Desktop/FALL 2025/ENGG680_ML_Project/Merged_Datasets/closed_eye_no_yawn/closed_eye/s0001_00422_0_0_0_0_0_01.png,/Users/leilatawfik/Desktop/FALL 2025/ENGG680_ML_Project/Merged_Datasets/closed_eye_no_yawn/no_yawn/2901.jpg
/Users/leilatawfik/Desktop/FALL 2025/ENGG680_ML_Project/Merged_Datasets/closed_eye_no_yawn/closed_eye/s0001_00441_0_0_0_0_1_01.png,/Users/leilatawfik/Desktop/FALL 2025/ENGG680_ML_Project/Merged_Datasets/closed_eye_no_yawn/no_yawn/2891.jpg
/Users/leilatawfik/Desktop/FALL 2025/ENGG680_ML_Project/Merged_Datasets/closed_eye_no_yawn/closed_eye/s0001_00133_0_0_0_0_0_01.png,/Users/leilatawfik/Desktop/FALL 2025/ENGG680_ML_Project/Merged_Datasets/closed_eye_no_yawn/no_yawn/2835.jpg
/Users/leilatawfik/Desktop/FALL 2025/ENGG680_ML_Project/Merged_Datasets/closed_eye_no_yawn/closed_eye/s0001_00021_0_0_0_0_0_01.png,/Users/leilatawfik/Desktop/FALL 2025/ENGG680_ML_Project/Merged_Datasets/closed_eye_no_yawn/no_yawn/2907.jpg
/Users/leilatawfik/Desktop/FALL 2025/ENGG680_ML_Project/Merged_Datasets/closed_eye_no_yawn/closed_eye/s0001_00439_0_0_0_0_1_01.png,/Users/leilatawfik/Desktop/FALL 2025/ENGG680_ML_Project/Merged_Datasets/closed_eye_no_yawn/no_yawn/2879.jpg
/Users/leilatawfik/Desktop/FALL 2025/ENGG680_ML_Project/Merged_Datasets/closed_eye_no_yawn/closed_eye/s0001_00410_0_0_0_0_1_01.png,/Users/leilatawfik/Desktop/FALL 2025/ENGG680_ML_Project/Merged_Datasets/closed_eye_no_yawn/no_yawn/2797.jpg
/Users/leilatawfik/Desktop/FALL 2025/ENGG680_ML_Project/Merged_Datasets/closed_eye_no_yawn/closed_eye/s0001_01462_0_1_0_0_0_01.png,/Users/leilatawfik/Desktop/FALL 2025/ENGG680_ML_Project/Merged_Datasets/closed_eye_no_yawn/no_yawn/2911.jpg
/Users/leilatawfik/Desktop/FALL 2025/ENGG680_ML_Project/Merged_Datasets/closed_eye_no_yawn/closed_eye/s0001_00201_0_0_0_0_0_01.png,/Users/leilatawfik/Desktop/FALL 2025/ENGG680_ML_Project/Merged_Datasets/closed_eye_no_yawn/no_yawn/2889.jpg
/Users/leilatawfik/Desktop/FALL 2025/ENGG680_ML_Project/Merged_Datasets/closed_eye_no_yawn/closed_eye/s0001_00278_0_0_0_0_0_01.png,/Users/leilatawfik/Desktop/FALL 2025/ENGG680_ML_Project/Merged_Datasets/closed_eye_no_yawn/no_yawn/2885.jpg
/Users/leilatawfik/Desktop/FALL 2025/ENGG680_ML_Project/Merged_Datasets/closed_eye_no_yawn/closed_eye/s0001_00447_0_0_0_0_1_01.png,/Users/leilatawfik/Desktop/FALL 2025/ENGG680_ML_Project/Merged_Datasets/closed_eye_no_yawn/no_yawn/2852.jpg
/Users/leilatawfik/Desktop/FALL 2025/ENGG680_ML_Project/Merged_Datasets/closed_eye_no_yawn/closed_eye/s0001_00314_0_0_0_0_0_01.png,/Users/leilatawfik/Desktop/FALL 2025/ENGG680_ML_Project/Merged_Datasets/closed_eye_no_yawn/no_yawn/2952.jpg
/Users/leilatawfik/Desktop/FALL 2025/ENGG680_ML_Project/Merged_Datasets/closed_eye_no_yawn/closed_eye/s0001_00455_0_0_0_0_1_01.png,/Users/leilatawfik/Desktop/FALL 2025/ENGG680_ML_Project/Merged_Datasets/closed_eye_no_yawn/no_yawn/2892.jpg
/Users/leilatawfik/Desktop/FALL 2025/ENGG680_ML_Project/Merged_Datasets/closed_eye_no_yawn/closed_eye/s0001_00224_0_0_0_0_0_01.png,/Users/leilatawfik/Desktop/FALL 2025/ENGG680_ML_Project/Merged_Datasets/closed_eye_no_yawn/no_yawn/2854.jpg
/Users/leilatawfik/Desktop/FALL 2025/ENGG680_ML_Project/Merged_Datasets/closed_eye_no_yawn/closed_eye/s0001_00123_0_0_0_0_0_01.png,/Users/leilatawfik/Desktop/FALL 2025/ENGG680_ML_Project/Merged_Datasets/closed_eye_no_yawn/no_yawn/2850.jpg
/Users/leilatawfik/Desktop/FALL 2025/ENGG680_ML_Project/Merged_Datasets/closed_eye_no_yawn/closed_eye/s0001_01471_0_1_0_0_0_01.png,/Users/leilatawfik/Desktop/FALL 2025/ENGG680_ML_Project/Merged_Datasets/closed_eye_no_yawn/no_yawn/2922.jpg
/Users/leilatawfik/Desktop/FALL 2025/ENGG680_ML_Project/Merged_Datasets/closed_eye_no_yawn/closed_eye/s0001_00366_0_0_0_0_0_01.png,/Users/leilatawfik/Desktop/FALL 2025/ENGG680_ML_Project/Merged_Datasets/closed_eye_no_yawn/no_yawn/2796.jpg
/Users/leilatawfik/Desktop/FALL 2025/ENGG680_ML_Project/Merged_Datasets/closed_eye_no_yawn/closed_eye/s0001_00153_0_0_0_0_0_01.png,/Users/leilatawfik/Desktop/FALL 2025/ENGG680_ML_Project/Merged_Datasets/closed_eye_no_yawn/no_yawn/2932.jpg
/Users/leilatawfik/Desktop/FALL 2025/ENGG680_ML_Project/Merged_Datasets/closed_eye_no_yawn/closed_eye/s0001_01461_0_1_0_0_0_01.png,/Users/leilatawfik/Desktop/FALL 2025/ENGG680_ML_Project/Merged_Datasets/closed_eye_no_yawn/no_yawn/2920.jpg
/Users/leilatawfik/Desktop/FALL 2025/ENGG680_ML_Project/Merged_Datasets/closed_eye_no_yawn/closed_eye/s0001_00005_0_0_0_0_0_01.png,/Users/leilatawfik/Desktop/FALL 2025/ENGG680_ML_Project/Merged_Datasets/closed_eye_no_yawn/no_yawn/2898.jpg
/Users/leilatawfik/Desktop/FALL 2025/ENGG680_ML_Project/Merged_Datasets/closed_eye_no_yawn/closed_eye/s0001_00125_0_0_0_0_0_01.png,/Users/leilatawfik/Desktop/FALL 2025/ENGG680_ML_Project/Merged_Datasets/closed_eye_no_yawn/no_yawn/2760.jpg
/Users/leilatawfik/Desktop/FALL 2025/ENGG680_ML_Project/Merged_Datasets/closed_eye_no_yawn/closed_eye/s0001_01470_0_1_0_0_0_01.png,/Users/leilatawfik/Desktop/FALL 2025/ENGG680_ML_Project/Merged_Datasets/closed_eye_no_yawn/no_yawn/2897.jpg
/Users/leilatawfik/Desktop/FALL 2025/ENGG680_ML_Project/Merged_Datasets/closed_eye_no_yawn/closed_eye/s0001_00313_0_0_0_0_0_01.png,/Users/leilatawfik/Desktop/FALL 2025/ENGG680_ML_Project/Merged_Datasets/closed_eye_no_yawn/no_yawn/2872.jpg
/Users/leilatawfik/Desktop/FALL 2025/ENGG680_ML_Project/Merged_Datasets/closed_eye_no_yawn/closed_eye/s0001_00312_0_0_0_0_0_01.png,/Users/leilatawfik/Desktop/FALL 2025/ENGG680_ML_Project/Merged_Datasets/closed_eye_no_yawn/no_yawn/2767.jpg
/Users/leilatawfik/Desktop/FALL 2025/ENGG680_ML_Project/Merged_Datasets/closed_eye_no_yawn/closed_eye/s0001_00419_0_0_0_0_1_01.png,/Users/leilatawfik/Desktop/FALL 2025/ENGG680_ML_Project/Merged_Datasets/closed_eye_no_yawn/no_yawn/2957.jpg
/Users/leilatawfik/Desktop/FALL 2025/ENGG680_ML_Project/Merged_Datasets/closed_eye_no_yawn/closed_eye/s0001_00412_0_0_0_0_1_01.png,/Users/leilatawfik/Desktop/FALL 2025/ENGG680_ML_Project/Merged_Datasets/closed_eye_no_yawn/no_yawn/2921.jpg
/Users/leilatawfik/Desktop/FALL 2025/ENGG680_ML_Project/Merged_Datasets/closed_eye_no_yawn/closed_eye/s0001_01485_0_1_0_0_0_01.png,/Users/leilatawfik/Desktop/FALL 2025/ENGG680_ML_Project/Merged_Datasets/closed_eye_no_yawn/no_yawn/2822.jpg
/Users/leilatawfik/Desktop/FALL 2025/ENGG680_ML_Project/Merged_Datasets/closed_eye_no_yawn/closed_eye/s0001_00423_0_0_0_0_1_01.png,/Users/leilatawfik/Desktop/FALL 2025/ENGG680_ML_Project/Merged_Datasets/closed_eye_no_yawn/no_yawn/2916.jpg
/Users/leilatawfik/Desktop/FALL 2025/ENGG680_ML_Project/Merged_Datasets/closed_eye_no_yawn/closed_eye/s0001_01465_0_1_0_0_0_01.png,/Users/leilatawfik/Desktop/FALL 2025/ENGG680_ML_Project/Merged_Datasets/closed_eye_no_yawn/no_yawn/2813.jpg
/Users/leilatawfik/Desktop/FALL 2025/ENGG680_ML_Project/Merged_Datasets/closed_eye_no_yawn/closed_eye/s0001_00405_0_0_0_0_0_01.png,/Users/leilatawfik/Desktop/FALL 2025/ENGG680_ML_Project/Merged_Datasets/closed_eye_no_yawn/no_yawn/2781.jpg
/Users/leilatawfik/Desktop/FALL 2025/ENGG680_ML_Project/Merged_Datasets/closed_eye_no_yawn/closed_eye/s0001_00135_0_0_0_0_0_01.png,/Users/leilatawfik/Desktop/FALL 2025/ENGG680_ML_Project/Merged_Datasets/closed_eye_no_yawn/no_yawn/2947.jpg
/Users/leilatawfik/Desktop/FALL 2025/ENGG680_ML_Project/Merged_Datasets/closed_eye_no_yawn/closed_eye/s0001_00150_0_0_0_0_0_01.png,/Users/leilatawfik/Desktop/FALL 2025/ENGG680_ML_Project/Merged_Datasets/closed_eye_no_yawn/no_yawn/2960.jpg
/Users/leilatawfik/Desktop/FALL 2025/ENGG680_ML_Project/Merged_Datasets/closed_eye_no_yawn/closed_eye/s0001_01456_0_1_0_0_0_01.png,/Users/leilatawfik/Desktop/FALL 2025/ENGG680_ML_Project/Merged_Datasets/closed_eye_no_yawn/no_yawn/2857.jpg
/Users/leilatawfik/Desktop/FALL 2025/ENGG680_ML_Project/Merged_Datasets/closed_eye_no_yawn/closed_eye/s0001_00437_0_0_0_0_0_01.png,/Users/leilatawfik/Desktop/FALL 2025/ENGG680_ML_Project/Merged_Datasets/closed_eye_no_yawn/no_yawn/2771.jpg
/Users/leilatawfik/Desktop/FALL 2025/ENGG680_ML_Project/Merged_Datasets/closed_eye_no_yawn/closed_eye/s0001_00448_0_0_0_0_0_01.png,/Users/leilatawfik/Desktop/FALL 2025/ENGG680_ML_Project/Merged_Datasets/closed_eye_no_yawn/no_yawn/2936.jpg
/Users/leilatawfik/Desktop/FALL 2025/ENGG680_ML_Project/Merged_Datasets/closed_eye_no_yawn/closed_eye/s0001_00421_0_0_0_0_1_01.png,/Users/leilatawfik/Desktop/FALL 2025/ENGG680_ML_Project/Merged_Datasets/closed_eye_no_yawn/no_yawn/2868.jpg
/Users/leilatawfik/Desktop/FALL 2025/ENGG680_ML_Project/Merged_Datasets/closed_eye_no_yawn/closed_eye/s0001_00415_0_0_0_0_0_01.png,/Users/leilatawfik/Desktop/FALL 2025/ENGG680_ML_Project/Merged_Datasets/closed_eye_no_yawn/no_yawn/2830.jpg
/Users/leilatawfik/Desktop/FALL 2025/ENGG680_ML_Project/Merged_Datasets/closed_eye_no_yawn/closed_eye/s0001_00024_0_0_0_0_0_01.png,/Users/leilatawfik/Desktop/FALL 2025/ENGG680_ML_Project/Merged_Datasets/closed_eye_no_yawn/no_yawn/2844.jpg
/Users/leilatawfik/Desktop/FALL 2025/ENGG680_ML_Project/Merged_Datasets/closed_eye_no_yawn/closed_eye/s0001_00270_0_0_0_0_0_01.png,/Users/leilatawfik/Desktop/FALL 2025/ENGG680_ML_Project/Merged_Datasets/closed_eye_no_yawn/no_yawn/2766.jpg
/Users/leilatawfik/Desktop/FALL 2025/ENGG680_ML_Project/Merged_Datasets/closed_eye_no_yawn/closed_eye/s0001_00229_0_0_0_0_0_01.png,/Users/leilatawfik/Desktop/FALL 2025/ENGG680_ML_Project/Merged_Datasets/closed_eye_no_yawn/no_yawn/2772.jpg
/Users/leilatawfik/Desktop/FALL 2025/ENGG680_ML_Project/Merged_Datasets/closed_eye_no_yawn/closed_eye/s0001_00011_0_0_0_0_0_01.png,/Users/leilatawfik/Desktop/FALL 2025/ENGG680_ML_Project/Merged_Datasets/closed_eye_no_yawn/no_yawn/2831.jpg
/Users/leilatawfik/Desktop/FALL 2025/ENGG680_ML_Project/Merged_Datasets/closed_eye_no_yawn/closed_eye/s0001_00277_0_0_0_0_0_01.png,/Users/leilatawfik/Desktop/FALL 2025/ENGG680_ML_Project/Merged_Datasets/closed_eye_no_yawn/no_yawn/2870.jpg
/Users/leilatawfik/Desktop/FALL 2025/ENGG680_ML_Project/Merged_Datasets/closed_eye_no_yawn/closed_eye/s0001_00467_0_0_0_0_0_01.png,/Users/leilatawfik/Desktop/FALL 2025/ENGG680_ML_Project/Merged_Datasets/closed_eye_no_yawn/no_yawn/2910.jpg
/Users/leilatawfik/Desktop/FALL 2025/ENGG680_ML_Project/Merged_Datasets/closed_eye_no_yawn/closed_eye/s0001_00404_0_0_0_0_1_01.png,/Users/leilatawfik/Desktop/FALL 2025/ENGG680_ML_Project/Merged_Datasets/closed_eye_no_yawn/no_yawn/2902.jpg
/Users/leilatawfik/Desktop/FALL 2025/ENGG680_ML_Project/Merged_Datasets/closed_eye_no_yawn/closed_eye/s0001_00303_0_0_0_0_0_01.png,/Users/leilatawfik/Desktop/FALL 2025/ENGG680_ML_Project/Merged_Datasets/closed_eye_no_yawn/no_yawn/2937.jpg
/Users/leilatawfik/Desktop/FALL 2025/ENGG680_ML_Project/Merged_Datasets/closed_eye_no_yawn/closed_eye/s0001_00220_0_0_0_0_0_01.png,/Users/leilatawfik/Desktop/FALL 2025/ENGG680_ML_Project/Merged_Datasets/closed_eye_no_yawn/no_yawn/2779.jpg
/Users/leilatawfik/Desktop/FALL 2025/ENGG680_ML_Project/Merged_Datasets/closed_eye_no_yawn/closed_eye/s0001_00155_0_0_0_0_0_01.png,/Users/leilatawfik/Desktop/FALL 2025/ENGG680_ML_Project/Merged_Datasets/closed_eye_no_yawn/no_yawn/2899.jpg
/Users/leilatawfik/Desktop/FALL 2025/ENGG680_ML_Project/Merged_Datasets/closed_eye_no_yawn/closed_eye/s0001_00304_0_0_0_0_0_01.png,/Users/leilatawfik/Desktop/FALL 2025/ENGG680_ML_Project/Merged_Datasets/closed_eye_no_yawn/no_yawn/2880.jpg
/Users/leilatawfik/Desktop/FALL 2025/ENGG680_ML_Project/Merged_Datasets/closed_eye_no_yawn/closed_eye/s0001_00308_0_0_0_0_0_01.png,/Users/leilatawfik/Desktop/FALL 2025/ENGG680_ML_Project/Merged_Datasets/closed_eye_no_yawn/no_yawn/2924.jpg
/Users/leilatawfik/Desktop/FALL 2025/ENGG680_ML_Project/Merged_Datasets/closed_eye_no_yawn/closed_eye/s0001_00142_0_0_0_0_0_01.png,/Users/leilatawfik/Desktop/FALL 2025/ENGG680_ML_Project/Merged_Datasets/closed_eye_no_yawn/no_yawn/2806.jpg
/Users/leilatawfik/Desktop/FALL 2025/ENGG680_ML_Project/Merged_Datasets/closed_eye_no_yawn/closed_eye/s0001_00307_0_0_0_0_0_01.png,/Users/leilatawfik/Desktop/FALL 2025/ENGG680_ML_Project/Merged_Datasets/closed_eye_no_yawn/no_yawn/2919.jpg
/Users/leilatawfik/Desktop/FALL 2025/ENGG680_ML_Project/Merged_Datasets/closed_eye_no_yawn/closed_eye/s0001_00374_0_0_0_0_0_01.png,/Users/leilatawfik/Desktop/FALL 2025/ENGG680_ML_Project/Merged_Datasets/closed_eye_no_yawn/no_yawn/2795.jpg
/Users/leilatawfik/Desktop/FALL 2025/ENGG680_ML_Project/Merged_Datasets/closed_eye_no_yawn/closed_eye/s0001_01486_0_1_0_0_0_01.png,/Users/leilatawfik/Desktop/FALL 2025/ENGG680_ML_Project/Merged_Datasets/closed_eye_no_yawn/no_yawn/2875.jpg
/Users/leilatawfik/Desktop/FALL 2025/ENGG680_ML_Project/Merged_Datasets/closed_eye_no_yawn/closed_eye/s0001_00458_0_0_0_0_0_01.png,/Users/leilatawfik/Desktop/FALL 2025/ENGG680_ML_Project/Merged_Datasets/closed_eye_no_yawn/no_yawn/2913.jpg
/Users/leilatawfik/Desktop/FALL 2025/ENGG680_ML_Project/Merged_Datasets/closed_eye_no_yawn/closed_eye/s0001_00119_0_0_0_0_0_01.png,/Users/leilatawfik/Desktop/FALL 2025/ENGG680_ML_Project/Merged_Datasets/closed_eye_no_yawn/no_yawn/2809.jpg
/Users/leilatawfik/Desktop/FALL 2025/ENGG680_ML_Project/Merged_Datasets/closed_eye_no_yawn/closed_eye/s0001_01467_0_1_0_0_0_01.png,/Users/leilatawfik/Desktop/FALL 2025/ENGG680_ML_Project/Merged_Datasets/closed_eye_no_yawn/no_yawn/2946.jpg
/Users/leilatawfik/Desktop/FALL 2025/ENGG680_ML_Project/Merged_Datasets/closed_eye_no_yawn/closed_eye/s0001_00446_0_0_0_0_0_01.png,/Users/leilatawfik/Desktop/FALL 2025/ENGG680_ML_Project/Merged_Datasets/closed_eye_no_yawn/no_yawn/2787.jpg
/Users/leilatawfik/Desktop/FALL 2025/ENGG680_ML_Project/Merged_Datasets/closed_eye_no_yawn/closed_eye/s0001_00226_0_0_0_0_0_01.png,/Users/leilatawfik/Desktop/FALL 2025/ENGG680_ML_Project/Merged_Datasets/closed_eye_no_yawn/no_yawn/2943.jpg
/Users/leilatawfik/Desktop/FALL 2025/ENGG680_ML_Project/Merged_Datasets/closed_eye_no_yawn/closed_eye/s0001_00196_0_0_0_0_0_01.png,/Users/leilatawfik/Desktop/FALL 2025/ENGG680_ML_Project/Merged_Datasets/closed_eye_no_yawn/no_yawn/2864.jpg
/Users/leilatawfik/Desktop/FALL 2025/ENGG680_ML_Project/Merged_Datasets/closed_eye_no_yawn/closed_eye/s0001_00452_0_0_0_0_0_01.png,/Users/leilatawfik/Desktop/FALL 2025/ENGG680_ML_Project/Merged_Datasets/closed_eye_no_yawn/no_yawn/2933.jpg
/Users/leilatawfik/Desktop/FALL 2025/ENGG680_ML_Project/Merged_Datasets/closed_eye_no_yawn/closed_eye/s0001_00020_0_0_0_0_0_01.png,/Users/leilatawfik/Desktop/FALL 2025/ENGG680_ML_Project/Merged_Datasets/closed_eye_no_yawn/no_yawn/2785.jpg
/Users/leilatawfik/Desktop/FALL 2025/ENGG680_ML_Project/Merged_Datasets/closed_eye_no_yawn/closed_eye/s0001_00151_0_0_0_0_0_01.png,/Users/leilatawfik/Desktop/FALL 2025/ENGG680_ML_Project/Merged_Datasets/closed_eye_no_yawn/no_yawn/2773.jpg
/Users/leilatawfik/Desktop/FALL 2025/ENGG680_ML_Project/Merged_Datasets/closed_eye_no_yawn/closed_eye/s0001_00306_0_0_0_0_0_01.png,/Users/leilatawfik/Desktop/FALL 2025/ENGG680_ML_Project/Merged_Datasets/closed_eye_no_yawn/no_yawn/2881.jpg
/Users/leilatawfik/Desktop/FALL 2025/ENGG680_ML_Project/Merged_Datasets/closed_eye_no_yawn/closed_eye/s0001_00227_0_0_0_0_0_01.png,/Users/leilatawfik/Desktop/FALL 2025/ENGG680_ML_Project/Merged_Datasets/closed_eye_no_yawn/no_yawn/2866.jpg
/Users/leilatawfik/Desktop/FALL 2025/ENGG680_ML_Project/Merged_Datasets/closed_eye_no_yawn/closed_eye/s0001_00440_0_0_0_0_0_01.png,/Users/leilatawfik/Desktop/FALL 2025/ENGG680_ML_Project/Merged_Datasets/closed_eye_no_yawn/no_yawn/2869.jpg
/Users/leilatawfik/Desktop/FALL 2025/ENGG680_ML_Project/Merged_Datasets/closed_eye_no_yawn/closed_eye/s0001_00023_0_0_0_0_0_01.png,/Users/leilatawfik/Desktop/FALL 2025/ENGG680_ML_Project/Merged_Datasets/closed_eye_no_yawn/no_yawn/2851.jpg
/Users/leilatawfik/Desktop/FALL 2025/ENGG680_ML_Project/Merged_Datasets/closed_eye_no_yawn/closed_eye/s0001_00310_0_0_0_0_0_01.png,/Users/leilatawfik/Desktop/FALL 2025/ENGG680_ML_Project/Merged_Datasets/closed_eye_no_yawn/no_yawn/2871.jpg
/Users/leilatawfik/Desktop/FALL 2025/ENGG680_ML_Project/Merged_Datasets/closed_eye_no_yawn/closed_eye/s0001_00128_0_0_0_0_0_01.png,/Users/leilatawfik/Desktop/FALL 2025/ENGG680_ML_Project/Merged_Datasets/closed_eye_no_yawn/no_yawn/2938.jpg
/Users/leilatawfik/Desktop/FALL 2025/ENGG680_ML_Project/Merged_Datasets/closed_eye_no_yawn/closed_eye/s0001_00436_0_0_0_0_0_01.png,/Users/leilatawfik/Desktop/FALL 2025/ENGG680_ML_Project/Merged_Datasets/closed_eye_no_yawn/no_yawn/2784.jpg
/Users/leilatawfik/Desktop/FALL 2025/ENGG680_ML_Project/Merged_Datasets/closed_eye_no_yawn/closed_eye/s0001_00391_0_0_0_0_1_01.png,/Users/leilatawfik/Desktop/FALL 2025/ENGG680_ML_Project/Merged_Datasets/closed_eye_no_yawn/no_yawn/2808.jpg
/Users/leilatawfik/Desktop/FALL 2025/ENGG680_ML_Project/Merged_Datasets/closed_eye_no_yawn/closed_eye/s0001_00014_0_0_0_0_0_01.png,/Users/leilatawfik/Desktop/FALL 2025/ENGG680_ML_Project/Merged_Datasets/closed_eye_no_yawn/no_yawn/2865.jpg
/Users/leilatawfik/Desktop/FALL 2025/ENGG680_ML_Project/Merged_Datasets/closed_eye_no_yawn/closed_eye/s0001_00219_0_0_0_0_0_01.png,/Users/leilatawfik/Desktop/FALL 2025/ENGG680_ML_Project/Merged_Datasets/closed_eye_no_yawn/no_yawn/2917.jpg
/Users/leilatawfik/Desktop/FALL 2025/ENGG680_ML_Project/Merged_Datasets/closed_eye_no_yawn/closed_eye/s0001_00290_0_0_0_0_0_01.png,/Users/leilatawfik/Desktop/FALL 2025/ENGG680_ML_Project/Merged_Datasets/closed_eye_no_yawn/no_yawn/2823.jpg
/Users/leilatawfik/Desktop/FALL 2025/ENGG680_ML_Project/Merged_Datasets/closed_eye_no_yawn/closed_eye/s0001_00305_0_0_0_0_0_01.png,/Users/leilatawfik/Desktop/FALL 2025/ENGG680_ML_Project/Merged_Datasets/closed_eye_no_yawn/no_yawn/2883.jpg
/Users/leilatawfik/Desktop/FALL 2025/ENGG680_ML_Project/Merged_Datasets/closed_eye_no_yawn/closed_eye/s0001_00117_0_0_0_0_0_01.png,/Users/leilatawfik/Desktop/FALL 2025/ENGG680_ML_Project/Merged_Datasets/closed_eye_no_yawn/no_yawn/2909.jpg
/Users/leilatawfik/Desktop/FALL 2025/ENGG680_ML_Project/Merged_Datasets/closed_eye_no_yawn/closed_eye/s0001_00311_0_0_0_0_0_01.png,/Users/leilatawfik/Desktop/FALL 2025/ENGG680_ML_Project/Merged_Datasets/closed_eye_no_yawn/no_yawn/2908.jpg
/Users/leilatawfik/Desktop/FALL 2025/ENGG680_ML_Project/Merged_Datasets/closed_eye_no_yawn/closed_eye/s0001_01469_0_1_0_0_0_01.png,/Users/leilatawfik/Desktop/FALL 2025/ENGG680_ML_Project/Merged_Datasets/closed_eye_no_yawn/no_yawn/2793.jpg
/Users/leilatawfik/Desktop/FALL 2025/ENGG680_ML_Project/Merged_Datasets/closed_eye_no_yawn/closed_eye/s0001_01477_0_1_0_0_0_01.png,/Users/leilatawfik/Desktop/FALL 2025/ENGG680_ML_Project/Merged_Datasets/closed_eye_no_yawn/no_yawn/2962.jpg
/Users/leilatawfik/Desktop/FALL 2025/ENGG680_ML_Project/Merged_Datasets/closed_eye_no_yawn/closed_eye/s0001_00288_0_0_0_0_0_01.png,/Users/leilatawfik/Desktop/FALL 2025/ENGG680_ML_Project/Merged_Datasets/closed_eye_no_yawn/no_yawn/2963.jpg
/Users/leilatawfik/Desktop/FALL 2025/ENGG680_ML_Project/Merged_Datasets/closed_eye_no_yawn/closed_eye/s0001_01468_0_1_0_0_0_01.png,/Users/leilatawfik/Desktop/FALL 2025/ENGG680_ML_Project/Merged_Datasets/closed_eye_no_yawn/no_yawn/2886.jpg
/Users/leilatawfik/Desktop/FALL 2025/ENGG680_ML_Project/Merged_Datasets/closed_eye_no_yawn/closed_eye/s0001_00140_0_0_0_0_0_01.png,/Users/leilatawfik/Desktop/FALL 2025/ENGG680_ML_Project/Merged_Datasets/closed_eye_no_yawn/no_yawn/2832.jpg
/Users/leilatawfik/Desktop/FALL 2025/ENGG680_ML_Project/Merged_Datasets/closed_eye_no_yawn/closed_eye/s0001_01455_0_1_0_0_0_01.png,/Users/leilatawfik/Desktop/FALL 2025/ENGG680_ML_Project/Merged_Datasets/closed_eye_no_yawn/no_yawn/2821.jpg
/Users/leilatawfik/Desktop/FALL 2025/ENGG680_ML_Project/Merged_Datasets/closed_eye_no_yawn/closed_eye/s0001_00289_0_0_0_0_0_01.png,/Users/leilatawfik/Desktop/FALL 2025/ENGG680_ML_Project/Merged_Datasets/closed_eye_no_yawn/no_yawn/2893.jpg
/Users/leilatawfik/Desktop/FALL 2025/ENGG680_ML_Project/Merged_Datasets/closed_eye_no_yawn/closed_eye/s0001_01472_0_1_0_0_0_01.png,/Users/leilatawfik/Desktop/FALL 2025/ENGG680_ML_Project/Merged_Datasets/closed_eye_no_yawn/no_yawn/2935.jpg
/Users/leilatawfik/Desktop/FALL 2025/ENGG680_ML_Project/Merged_Datasets/closed_eye_no_yawn/closed_eye/s0001_00141_0_0_0_0_0_01.png,/Users/leilatawfik/Desktop/FALL 2025/ENGG680_ML_Project/Merged_Datasets/closed_eye_no_yawn/no_yawn/2845.jpg
/Users/leilatawfik/Desktop/FALL 2025/ENGG680_ML_Project/Merged_Datasets/closed_eye_no_yawn/closed_eye/s0001_00002_0_0_0_0_0_01.png,/Users/leilatawfik/Desktop/FALL 2025/ENGG680_ML_Project/Merged_Datasets/closed_eye_no_yawn/no_yawn/2768.jpg
/Users/leilatawfik/Desktop/FALL 2025/ENGG680_ML_Project/Merged_Datasets/closed_eye_no_yawn/closed_eye/s0001_00223_0_0_0_0_0_01.png,/Users/leilatawfik/Desktop/FALL 2025/ENGG680_ML_Project/Merged_Datasets/closed_eye_no_yawn/no_yawn/2777.jpg
/Users/leilatawfik/Desktop/FALL 2025/ENGG680_ML_Project/Merged_Datasets/closed_eye_no_yawn/closed_eye/s0001_00449_0_0_0_0_1_01.png,/Users/leilatawfik/Desktop/FALL 2025/ENGG680_ML_Project/Merged_Datasets/closed_eye_no_yawn/no_yawn/2958.jpg
/Users/leilatawfik/Desktop/FALL 2025/ENGG680_ML_Project/Merged_Datasets/closed_eye_no_yawn/closed_eye/s0001_00368_0_0_0_0_0_01.png,/Users/leilatawfik/Desktop/FALL 2025/ENGG680_ML_Project/Merged_Datasets/closed_eye_no_yawn/no_yawn/2775.jpg
/Users/leilatawfik/Desktop/FALL 2025/ENGG680_ML_Project/Merged_Datasets/closed_eye_no_yawn/closed_eye/s0001_00194_0_0_0_0_1_01.png,/Users/leilatawfik/Desktop/FALL 2025/ENGG680_ML_Project/Merged_Datasets/closed_eye_no_yawn/no_yawn/2923.jpg
/Users/leilatawfik/Desktop/FALL 2025/ENGG680_ML_Project/Merged_Datasets/closed_eye_no_yawn/closed_eye/s0001_00321_0_0_0_0_0_01.png,/Users/leilatawfik/Desktop/FALL 2025/ENGG680_ML_Project/Merged_Datasets/closed_eye_no_yawn/no_yawn/2778.jpg
/Users/leilatawfik/Desktop/FALL 2025/ENGG680_ML_Project/Merged_Datasets/closed_eye_no_yawn/closed_eye/s0001_01478_0_1_0_0_0_01.png,/Users/leilatawfik/Desktop/FALL 2025/ENGG680_ML_Project/Merged_Datasets/closed_eye_no_yawn/no_yawn/2761.jpg
/Users/leilatawfik/Desktop/FALL 2025/ENGG680_ML_Project/Merged_Datasets/closed_eye_no_yawn/closed_eye/s0001_00469_0_0_0_0_0_01.png,/Users/leilatawfik/Desktop/FALL 2025/ENGG680_ML_Project/Merged_Datasets/closed_eye_no_yawn/no_yawn/2817.jpg
/Users/leilatawfik/Desktop/FALL 2025/ENGG680_ML_Project/Merged_Datasets/closed_eye_no_yawn/closed_eye/s0001_00152_0_0_0_0_0_01.png,/Users/leilatawfik/Desktop/FALL 2025/ENGG680_ML_Project/Merged_Datasets/closed_eye_no_yawn/no_yawn/2941.jpg
/Users/leilatawfik/Desktop/FALL 2025/ENGG680_ML_Project/Merged_Datasets/closed_eye_no_yawn/closed_eye/s0001_00442_0_0_0_0_0_01.png,/Users/leilatawfik/Desktop/FALL 2025/ENGG680_ML_Project/Merged_Datasets/closed_eye_no_yawn/no_yawn/2819.jpg
/Users/leilatawfik/Desktop/FALL 2025/ENGG680_ML_Project/Merged_Datasets/closed_eye_no_yawn/closed_eye/s0001_01484_0_1_0_0_0_01.png,/Users/leilatawfik/Desktop/FALL 2025/ENGG680_ML_Project/Merged_Datasets/closed_eye_no_yawn/no_yawn/2903.jpg
/Users/leilatawfik/Desktop/FALL 2025/ENGG680_ML_Project/Merged_Datasets/closed_eye_no_yawn/closed_eye/s0001_00454_0_0_0_0_0_01.png,/Users/leilatawfik/Desktop/FALL 2025/ENGG680_ML_Project/Merged_Datasets/closed_eye_no_yawn/no_yawn/2912.jpg
/Users/leilatawfik/Desktop/FALL 2025/ENGG680_ML_Project/Merged_Datasets/closed_eye_no_yawn/closed_eye/s0001_00417_0_0_0_0_0_01.png,/Users/leilatawfik/Desktop/FALL 2025/ENGG680_ML_Project/Merged_Datasets/closed_eye_no_yawn/no_yawn/2765.jpg
/Users/leilatawfik/Desktop/FALL 2025/ENGG680_ML_Project/Merged_Datasets/closed_eye_no_yawn/closed_eye/s0001_00197_0_0_0_0_0_01.png,/Users/leilatawfik/Desktop/FALL 2025/ENGG680_ML_Project/Merged_Datasets/closed_eye_no_yawn/no_yawn/2847.jpg
/Users/leilatawfik/Desktop/FALL 2025/ENGG680_ML_Project/Merged_Datasets/closed_eye_no_yawn/closed_eye/s0001_00157_0_0_0_0_0_01.png,/Users/leilatawfik/Desktop/FALL 2025/ENGG680_ML_Project/Merged_Datasets/closed_eye_no_yawn/no_yawn/2776.jpg
/Users/leilatawfik/Desktop/FALL 2025/ENGG680_ML_Project/Merged_Datasets/closed_eye_no_yawn/closed_eye/s0001_00115_0_0_0_0_0_01.png,/Users/leilatawfik/Desktop/FALL 2025/ENGG680_ML_Project/Merged_Datasets/closed_eye_no_yawn/no_yawn/2818.jpg
/Users/leilatawfik/Desktop/FALL 2025/ENGG680_ML_Project/Merged_Datasets/closed_eye_no_yawn/closed_eye/s0001_00008_0_0_0_0_0_01.png,/Users/leilatawfik/Desktop/FALL 2025/ENGG680_ML_Project/Merged_Datasets/closed_eye_no_yawn/no_yawn/2824.jpg
/Users/leilatawfik/Desktop/FALL 2025/ENGG680_ML_Project/Merged_Datasets/closed_eye_no_yawn/closed_eye/s0001_00009_0_0_0_0_0_01.png,/Users/leilatawfik/Desktop/FALL 2025/ENGG680_ML_Project/Merged_Datasets/closed_eye_no_yawn/no_yawn/2790.jpg
/Users/leilatawfik/Desktop/FALL 2025/ENGG680_ML_Project/Merged_Datasets/closed_eye_no_yawn/closed_eye/s0001_00322_0_0_0_0_0_01.png,/Users/leilatawfik/Desktop/FALL 2025/ENGG680_ML_Project/Merged_Datasets/closed_eye_no_yawn/no_yawn/2876.jpg
/Users/leilatawfik/Desktop/FALL 2025/ENGG680_ML_Project/Merged_Datasets/closed_eye_no_yawn/closed_eye/s0001_00451_0_0_0_0_1_01.png,/Users/leilatawfik/Desktop/FALL 2025/ENGG680_ML_Project/Merged_Datasets/closed_eye_no_yawn/no_yawn/2894.jpg
/Users/leilatawfik/Desktop/FALL 2025/ENGG680_ML_Project/Merged_Datasets/closed_eye_no_yawn/closed_eye/s0001_00037_0_0_0_0_0_01.png,/Users/leilatawfik/Desktop/FALL 2025/ENGG680_ML_Project/Merged_Datasets/closed_eye_no_yawn/no_yawn/2873.jpg
/Users/leilatawfik/Desktop/FALL 2025/ENGG680_ML_Project/Merged_Datasets/closed_eye_no_yawn/closed_eye/s0001_00438_0_0_0_0_0_01.png,/Users/leilatawfik/Desktop/FALL 2025/ENGG680_ML_Project/Merged_Datasets/closed_eye_no_yawn/no_yawn/2856.jpg
/Users/leilatawfik/Desktop/FALL 2025/ENGG680_ML_Project/Merged_Datasets/closed_eye_no_yawn/closed_eye/s0001_01460_0_1_0_0_0_01.png,/Users/leilatawfik/Desktop/FALL 2025/ENGG680_ML_Project/Merged_Datasets/closed_eye_no_yawn/no_yawn/2929.jpg
/Users/leilatawfik/Desktop/FALL 2025/ENGG680_ML_Project/Merged_Datasets/closed_eye_no_yawn/closed_eye/s0001_00121_0_0_0_0_0_01.png,/Users/leilatawfik/Desktop/FALL 2025/ENGG680_ML_Project/Merged_Datasets/closed_eye_no_yawn/no_yawn/2934.jpg
/Users/leilatawfik/Desktop/FALL 2025/ENGG680_ML_Project/Merged_Datasets/closed_eye_no_yawn/closed_eye/s0001_01475_0_1_0_0_0_01.png,/Users/leilatawfik/Desktop/FALL 2025/ENGG680_ML_Project/Merged_Datasets/closed_eye_no_yawn/no_yawn/2863.jpg
/Users/leilatawfik/Desktop/FALL 2025/ENGG680_ML_Project/Merged_Datasets/closed_eye_no_yawn/closed_eye/s0001_00136_0_0_0_0_0_01.png,/Users/leilatawfik/Desktop/FALL 2025/ENGG680_ML_Project/Merged_Datasets/closed_eye_no_yawn/no_yawn/2840.jpg
/Users/leilatawfik/Desktop/FALL 2025/ENGG680_ML_Project/Merged_Datasets/closed_eye_no_yawn/closed_eye/s0001_00195_0_0_0_0_0_01.png,/Users/leilatawfik/Desktop/FALL 2025/ENGG680_ML_Project/Merged_Datasets/closed_eye_no_yawn/no_yawn/2945.jpg
/Users/leilatawfik/Desktop/FALL 2025/ENGG680_ML_Project/Merged_Datasets/closed_eye_no_yawn/closed_eye/s0001_00200_0_0_0_0_0_01.png,/Users/leilatawfik/Desktop/FALL 2025/ENGG680_ML_Project/Merged_Datasets/closed_eye_no_yawn/no_yawn/2812.jpg
/Users/leilatawfik/Desktop/FALL 2025/ENGG680_ML_Project/Merged_Datasets/closed_eye_no_yawn/closed_eye/s0001_00222_0_0_0_0_0_01.png,/Users/leilatawfik/Desktop/FALL 2025/ENGG680_ML_Project/Merged_Datasets/closed_eye_no_yawn/no_yawn/2939.jpg
/Users/leilatawfik/Desktop/FALL 2025/ENGG680_ML_Project/Merged_Datasets/closed_eye_no_yawn/closed_eye/s0001_01476_0_1_0_0_0_01.png,/Users/leilatawfik/Desktop/FALL 2025/ENGG680_ML_Project/Merged_Datasets/closed_eye_no_yawn/no_yawn/2949.jpg
/Users/leilatawfik/Desktop/FALL 2025/ENGG680_ML_Project/Merged_Datasets/closed_eye_no_yawn/closed_eye/s0001_00007_0_0_0_0_0_01.png,/Users/leilatawfik/Desktop/FALL 2025/ENGG680_ML_Project/Merged_Datasets/closed_eye_no_yawn/no_yawn/2956.jpg
/Users/leilatawfik/Desktop/FALL 2025/ENGG680_ML_Project/Merged_Datasets/closed_eye_no_yawn/closed_eye/s0001_00124_0_0_0_0_0_01.png,/Users/leilatawfik/Desktop/FALL 2025/ENGG680_ML_Project/Merged_Datasets/closed_eye_no_yawn/no_yawn/2900.jpg
/Users/leilatawfik/Desktop/FALL 2025/ENGG680_ML_Project/Merged_Datasets/closed_eye_no_yawn/closed_eye/s0001_00465_0_0_0_0_1_01.png,/Users/leilatawfik/Desktop/FALL 2025/ENGG680_ML_Project/Merged_Datasets/closed_eye_no_yawn/no_yawn/2815.jpg
